"id","name","cases"
"01001","Autauga, AL",0
"01003","Baldwin, AL",2
"01005","Barbour, AL",0
"01007","Bibb, AL",0
"01009","Blount, AL",0
"01011","Bullock, AL",0
"01013","Butler, AL",0
"01015","Calhoun, AL",1
"01017","Chambers, AL",2
"01019","Cherokee, AL",0
"01021","Chilton, AL",0
"01023","Choctaw, AL",0
"01025","Clarke, AL",0
"01027","Clay, AL",0
"01029","Cleburne, AL",0
"01031","Coffee, AL",0
"01033","Colbert, AL",0
"01035","Conecuh, AL",0
"01037","Coosa, AL",0
"01039","Covington, AL",0
"01041","Crenshaw, AL",0
"01043","Cullman, AL",2
"01045","Dale, AL",0
"01047","Dallas, AL",0
"01049","Dekalb, AL",0
"01051","Elmore, AL",6
"01053","Escambia, AL",0
"01055","Etowah, AL",0
"01057","Fayette, AL",0
"01059","Franklin, AL",0
"01061","Geneva, AL",0
"01063","Greene, AL",0
"01065","Hale, AL",0
"01067","Henry, AL",0
"01069","Houston, AL",0
"01071","Jackson, AL",1
"01073","Jefferson, AL",71
"01075","Lamar, AL",1
"01077","Lauderdale, AL",2
"01079","Lawrence, AL",0
"01081","Lee, AL",16
"01083","Limestone, AL",1
"01085","Lowndes, AL",0
"01087","Macon, AL",0
"01089","Madison, AL",16
"01091","Marengo, AL",0
"01093","Marion, AL",1
"01095","Marshall, AL",0
"01097","Mobile, AL",2
"01099","Monroe, AL",0
"01101","Montgomery, AL",3
"01103","Morgan, AL",0
"01105","Perry, AL",0
"01107","Pickens, AL",0
"01109","Pike, AL",0
"01111","Randolph, AL",0
"01113","Russell, AL",0
"01115","St. Clair, AL",3
"01117","Shelby, AL",17
"01119","Sumter, AL",0
"01121","Talladega, AL",1
"01123","Tallapoosa, AL",0
"01125","Tuscaloosa, AL",7
"01127","Walker, AL",1
"01129","Washington, AL",1
"01131","Wilcox, AL",0
"01133","Winston, AL",0
"02013","Aleutians East Borough, AK",0
"02016","Aleutians West Census Area, AK",0
"02020","Anchorage Municipality, AK",6
"02050","Bethel Census Area, AK",0
"02060","Bristol Bay Borough, AK",0
"02068","Denali Borough, AK",0
"02070","Dillingham Census Area, AK",0
"02090","Fairbanks North Star Borough, AK",7
"02100","Haines Borough, AK",0
"02105","Hoonah-Angoon Census Area, AK",0
"02110","Juneau City And Borough, AK",0
"02122","Kenai Peninsula Borough, AK",3
"02130","Ketchikan Gateway Borough, AK",6
"02150","Kodiak Island Borough, AK",0
"02164","Lake And Peninsula Borough, AK",0
"02170","Matanuska-Susitna Borough, AK",0
"02180","Nome Census Area, AK",0
"02185","North Slope Borough, AK",0
"02188","Northwest Arctic Borough, AK",0
"02195","Petersburg Borough, AK",0
"02198","Prince Of Wales-Hyder Census Area, AK",0
"02220","Sitka City And Borough, AK",0
"02230","Skagway Municipality, AK",0
"02240","Southeast Fairbanks Census Area, AK",0
"02261","Valdez-Cordova Census Area, AK",0
"02270","Wade Hampton Census Area, AK",0
"02275","Wrangell City And Borough, AK",0
"02282","Yakutat City And Borough, AK",0
"02290","Yukon-Koyukuk Census Area, AK",0
"04001","Apache, AZ",3
"04003","Cochise, AZ",0
"04005","Coconino, AZ",14
"04007","Gila, AZ",0
"04009","Graham, AZ",2
"04011","Greenlee, AZ",0
"04012","La Paz, AZ",0
"04013","Maricopa, AZ",81
"04015","Mohave, AZ",0
"04017","Navajo, AZ",13
"04019","Pima, AZ",17
"04021","Pinal, AZ",16
"04023","Santa Cruz, AZ",0
"04025","Yavapai, AZ",3
"04027","Yuma, AZ",1
"05001","Arkansas, AR",0
"05003","Ashley, AR",0
"05005","Baxter, AR",0
"05007","Benton, AR",1
"05009","Boone, AR",1
"05011","Bradley, AR",4
"05013","Calhoun, AR",0
"05015","Carroll, AR",0
"05017","Chicot, AR",0
"05019","Clark, AR",2
"05021","Clay, AR",0
"05023","Cleburne, AR",25
"05025","Cleveland, AR",3
"05027","Columbia, AR",1
"05029","Conway, AR",1
"05031","Craighead, AR",3
"05033","Crawford, AR",0
"05035","Crittenden, AR",1
"05037","Cross, AR",0
"05039","Dallas, AR",0
"05041","Desha, AR",2
"05043","Drew, AR",0
"05045","Faulkner, AR",7
"05047","Franklin, AR",0
"05049","Fulton, AR",0
"05051","Garland, AR",9
"05053","Grant, AR",3
"05055","Greene, AR",1
"05057","Hempstead, AR",0
"05059","Hot Spring, AR",0
"05061","Howard, AR",0
"05063","Independence, AR",3
"05065","Izard, AR",0
"05067","Jackson, AR",0
"05069","Jefferson, AR",20
"05071","Johnson, AR",0
"05073","Lafayette, AR",0
"05075","Lawrence, AR",0
"05077","Lee, AR",0
"05079","Lincoln, AR",2
"05081","Little River, AR",0
"05083","Logan, AR",0
"05085","Lonoke, AR",0
"05087","Madison, AR",0
"05089","Marion, AR",0
"05091","Miller, AR",0
"05093","Mississippi, AR",0
"05095","Monroe, AR",0
"05097","Montgomery, AR",0
"05099","Nevada, AR",0
"05101","Newton, AR",0
"05103","Ouachita, AR",0
"05105","Perry, AR",0
"05107","Phillips, AR",0
"05109","Pike, AR",0
"05111","Poinsett, AR",3
"05113","Polk, AR",2
"05115","Pope, AR",1
"05117","Prairie, AR",0
"05119","Pulaski, AR",52
"05121","Randolph, AR",0
"05123","St. Francis, AR",0
"05125","Saline, AR",4
"05127","Scott, AR",0
"05129","Searcy, AR",2
"05131","Sebastian, AR",1
"05133","Sevier, AR",1
"05135","Sharp, AR",0
"05137","Stone, AR",0
"05139","Union, AR",1
"05141","Van Buren, AR",2
"05143","Washington, AR",5
"05145","White, AR",0
"05147","Woodruff, AR",1
"05149","Yell, AR",0
"06001","Alameda, CA",106
"06003","Alpine, CA",0
"06005","Amador, CA",2
"06007","Butte, CA",2
"06009","Calaveras, CA",2
"06011","Colusa, CA",0
"06013","Contra Costa, CA",61
"06015","Del Norte, CA",0
"06017","El Dorado, CA",2
"06019","Fresno, CA",6
"06021","Glenn, CA",0
"06023","Humboldt, CA",1
"06025","Imperial, CA",16
"06027","Inyo, CA",0
"06029","Kern, CA",5
"06031","Kings, CA",0
"06033","Lake, CA",0
"06035","Lassen, CA",0
"06037","Los Angeles, CA",409
"06039","Madera, CA",2
"06041","Marin, CA",38
"06043","Mariposa, CA",0
"06045","Mendocino, CA",1
"06047","Merced, CA",1
"06049","Modoc, CA",0
"06051","Mono, CA",1
"06053","Monterey, CA",5
"06055","Napa, CA",1
"06057","Nevada, CA",1
"06059","Orange, CA",95
"06061","Placer, CA",12
"06063","Plumas, CA",0
"06065","Riverside, CA",45
"06067","Sacramento, CA",53
"06069","San Benito, CA",6
"06071","San Bernardino, CA",17
"06073","San Diego, CA",194
"06075","San Francisco, CA",108
"06077","San Joaquin, CA",41
"06079","San Luis Obispo, CA",27
"06081","San Mateo, CA",117
"06083","Santa Barbara, CA",18
"06085","Santa Clara, CA",302
"06087","Santa Cruz, CA",15
"06089","Shasta, CA",2
"06091","Sierra, CA",0
"06093","Siskiyou, CA",2
"06095","Solano, CA",14
"06097","Sonoma, CA",25
"06099","Stanislaus, CA",8
"06101","Sutter, CA",1
"06103","Tehama, CA",0
"06105","Trinity, CA",0
"06107","Tulare, CA",12
"06109","Tuolumne, CA",0
"06111","Ventura, CA",30
"06113","Yolo, CA",6
"06115","Yuba, CA",2
"08001","Adams, CO",18
"08003","Alamosa, CO",0
"08005","Arapahoe, CO",45
"08007","Archuleta, CO",0
"08009","Baca, CO",0
"08011","Bent, CO",0
"08013","Boulder, CO",37
"08014","Broomfield, CO",2
"08015","Chaffee, CO",3
"08017","Cheyenne, CO",0
"08019","Clear Creek, CO",3
"08021","Conejos, CO",0
"08023","Costilla, CO",0
"08025","Crowley, CO",1
"08027","Custer, CO",0
"08029","Delta, CO",0
"08031","Denver, CO",125
"08033","Dolores, CO",0
"08035","Douglas, CO",33
"08037","Eagle, CO",80
"08039","Elbert, CO",3
"08041","El Paso, CO",51
"08043","Fremont, CO",0
"08045","Garfield, CO",8
"08047","Gilpin, CO",0
"08049","Grand, CO",2
"08051","Gunnison, CO",22
"08053","Hinsdale, CO",1
"08055","Huerfano, CO",0
"08057","Jackson, CO",0
"08059","Jefferson, CO",51
"08061","Kiowa, CO",0
"08063","Kit Carson, CO",0
"08065","Lake, CO",0
"08067","La Plata, CO",0
"08069","Larimer, CO",32
"08071","Las Animas, CO",0
"08073","Lincoln, CO",0
"08075","Logan, CO",0
"08077","Mesa, CO",2
"08079","Mineral, CO",0
"08081","Moffat, CO",0
"08083","Montezuma, CO",0
"08085","Montrose, CO",1
"08087","Morgan, CO",2
"08089","Otero, CO",0
"08091","Ouray, CO",0
"08093","Park, CO",1
"08095","Phillips, CO",0
"08097","Pitkin, CO",16
"08099","Prowers, CO",0
"08101","Pueblo, CO",3
"08103","Rio Blanco, CO",0
"08105","Rio Grande, CO",0
"08107","Routt, CO",3
"08109","Saguache, CO",0
"08111","San Juan, CO",0
"08113","San Miguel, CO",1
"08115","Sedgwick, CO",0
"08117","Summit, CO",7
"08119","Teller, CO",0
"08121","Washington, CO",0
"08123","Weld, CO",37
"08125","Yuma, CO",1
"09001","Fairfield, CT",208
"09003","Hartford, CT",54
"09005","Litchfield, CT",12
"09007","Middlesex, CT",6
"09009","New Haven, CT",29
"09011","New London, CT",3
"09013","Tolland, CT",14
"09015","Windham, CT",2
"10001","Kent, DE",5
"10003","New Castle, DE",39
"10005","Sussex, DE",12
"11001","District Of Columbia, DC",116
"12001","Alachua, FL",35
"12003","Baker, FL",2
"12005","Bay, FL",1
"12007","Bradford, FL",1
"12009","Brevard, FL",7
"12011","Broward, FL",217
"12013","Calhoun, FL",0
"12015","Charlotte, FL",2
"12017","Citrus, FL",8
"12019","Clay, FL",7
"12021","Collier, FL",33
"12023","Columbia, FL",2
"12027","Desoto, FL",1
"12029","Dixie, FL",0
"12031","Duval, FL",39
"12033","Escambia, FL",4
"12035","Flagler, FL",1
"12037","Franklin, FL",0
"12039","Gadsden, FL",1
"12041","Gilchrist, FL",0
"12043","Glades, FL",0
"12045","Gulf, FL",0
"12047","Hamilton, FL",0
"12049","Hardee, FL",0
"12051","Hendry, FL",0
"12053","Hernando, FL",6
"12055","Highlands, FL",1
"12057","Hillsborough, FL",58
"12059","Holmes, FL",0
"12061","Indian River, FL",8
"12063","Jackson, FL",1
"12065","Jefferson, FL",0
"12067","Lafayette, FL",0
"12069","Lake, FL",6
"12071","Lee, FL",26
"12073","Leon, FL",5
"12075","Levy, FL",0
"12077","Liberty, FL",0
"12079","Madison, FL",0
"12081","Manatee, FL",13
"12083","Marion, FL",3
"12085","Martin, FL",2
"12086","Miami-Dade, FL",227
"12087","Monroe, FL",1
"12089","Nassau, FL",2
"12091","Okaloosa, FL",14
"12093","Okeechobee, FL",0
"12095","Orange, FL",33
"12097","Osceola, FL",24
"12099","Palm Beach, FL",72
"12101","Pasco, FL",11
"12103","Pinellas, FL",38
"12105","Polk, FL",11
"12107","Putnam, FL",2
"12109","St. Johns, FL",16
"12111","St. Lucie, FL",3
"12113","Santa Rosa, FL",4
"12115","Sarasota, FL",17
"12117","Seminole, FL",19
"12119","Sumter, FL",4
"12121","Suwannee, FL",0
"12123","Taylor, FL",0
"12125","Union, FL",0
"12127","Volusia, FL",14
"12129","Wakulla, FL",0
"12131","Walton, FL",4
"12133","Washington, FL",0
"13001","Appling, GA",0
"13003","Atkinson, GA",0
"13005","Bacon, GA",0
"13007","Baker, GA",0
"13009","Baldwin, GA",2
"13011","Banks, GA",0
"13013","Barrow, GA",1
"13015","Bartow, GA",56
"13017","Ben Hill, GA",0
"13019","Berrien, GA",0
"13021","Bibb, GA",1
"13023","Bleckley, GA",0
"13025","Brantley, GA",0
"13027","Brooks, GA",0
"13029","Bryan, GA",0
"13031","Bulloch, GA",0
"13033","Burke, GA",0
"13035","Butts, GA",2
"13037","Calhoun, GA",0
"13039","Camden, GA",0
"13043","Candler, GA",0
"13045","Carroll, GA",16
"13047","Catoosa, GA",0
"13049","Charlton, GA",1
"13051","Chatham, GA",4
"13053","Chattahoochee, GA",0
"13055","Chattooga, GA",1
"13057","Cherokee, GA",18
"13059","Clarke, GA",0
"13061","Clay, GA",10
"13063","Clayton, GA",13
"13065","Clinch, GA",1
"13067","Cobb, GA",67
"13069","Coffee, GA",1
"13071","Colquitt, GA",0
"13073","Columbia, GA",4
"13075","Cook, GA",0
"13077","Coweta, GA",9
"13079","Crawford, GA",0
"13081","Crisp, GA",0
"13083","Dade, GA",0
"13085","Dawson, GA",1
"13087","Decatur, GA",0
"13089","Dekalb, GA",53
"13091","Dodge, GA",0
"13093","Dooly, GA",0
"13095","Dougherty, GA",52
"13097","Douglas, GA",4
"13099","Early, GA",2
"13101","Echols, GA",0
"13103","Effingham, GA",2
"13105","Elbert, GA",0
"13107","Emanuel, GA",0
"13109","Evans, GA",0
"13111","Fannin, GA",0
"13113","Fayette, GA",9
"13115","Floyd, GA",9
"13117","Forsyth, GA",5
"13119","Franklin, GA",0
"13121","Fulton, GA",111
"13123","Gilmer, GA",0
"13125","Glascock, GA",0
"13127","Glynn, GA",4
"13129","Gordon, GA",4
"13131","Grady, GA",0
"13133","Greene, GA",0
"13135","Gwinnett, GA",27
"13137","Habersham, GA",0
"13139","Hall, GA",9
"13141","Hancock, GA",0
"13143","Haralson, GA",0
"13145","Harris, GA",0
"13147","Hart, GA",0
"13149","Heard, GA",1
"13151","Henry, GA",7
"13153","Houston, GA",1
"13155","Irwin, GA",0
"13157","Jackson, GA",0
"13159","Jasper, GA",0
"13161","Jeff Davis, GA",0
"13163","Jefferson, GA",0
"13165","Jenkins, GA",0
"13167","Johnson, GA",0
"13169","Jones, GA",0
"13171","Lamar, GA",3
"13173","Lanier, GA",0
"13175","Laurens, GA",2
"13177","Lee, GA",16
"13179","Liberty, GA",0
"13181","Lincoln, GA",1
"13183","Long, GA",0
"13185","Lowndes, GA",8
"13187","Lumpkin, GA",1
"13189","Mcduffie, GA",0
"13191","Mcintosh, GA",0
"13193","Macon, GA",0
"13195","Madison, GA",0
"13197","Marion, GA",0
"13199","Meriwether, GA",0
"13201","Miller, GA",1
"13205","Mitchell, GA",0
"13207","Monroe, GA",1
"13209","Montgomery, GA",0
"13211","Morgan, GA",0
"13213","Murray, GA",0
"13215","Muscogee, GA",2
"13217","Newton, GA",4
"13219","Oconee, GA",2
"13221","Oglethorpe, GA",0
"13223","Paulding, GA",4
"13225","Peach, GA",3
"13227","Pickens, GA",2
"13229","Pierce, GA",0
"13231","Pike, GA",0
"13233","Polk, GA",4
"13235","Pulaski, GA",0
"13237","Putnam, GA",0
"13239","Quitman, GA",0
"13241","Rabun, GA",0
"13243","Randolph, GA",1
"13245","Richmond, GA",10
"13247","Rockdale, GA",2
"13249","Schley, GA",0
"13251","Screven, GA",0
"13253","Seminole, GA",0
"13255","Spalding, GA",2
"13257","Stephens, GA",0
"13259","Stewart, GA",0
"13261","Sumter, GA",2
"13263","Talbot, GA",0
"13265","Taliaferro, GA",0
"13267","Tattnall, GA",1
"13269","Taylor, GA",0
"13271","Telfair, GA",0
"13273","Terrell, GA",2
"13275","Thomas, GA",0
"13277","Tift, GA",2
"13279","Toombs, GA",0
"13281","Towns, GA",0
"13283","Treutlen, GA",0
"13285","Troup, GA",4
"13287","Turner, GA",1
"13289","Twiggs, GA",1
"13291","Union, GA",0
"13293","Upson, GA",0
"13295","Walker, GA",0
"13297","Walton, GA",0
"13299","Ware, GA",0
"13301","Warren, GA",0
"13303","Washington, GA",0
"13305","Wayne, GA",0
"13307","Webster, GA",0
"13309","Wheeler, GA",0
"13311","White, GA",0
"13313","Whitfield, GA",2
"13315","Wilcox, GA",0
"13317","Wilkes, GA",0
"13319","Wilkinson, GA",0
"13321","Worth, GA",2
"15001","Hawaii, HI",3
"15003","Honolulu, HI",41
"15005","Kalawao, HI",0
"15007","Kauai, HI",3
"15009","Maui, HI",9
"16001","Ada, ID",13
"16003","Adams, ID",0
"16005","Bannock, ID",0
"16007","Bear Lake, ID",0
"16009","Benewah, ID",0
"16011","Bingham, ID",3
"16013","Blaine, ID",21
"16015","Boise, ID",0
"16017","Bonner, ID",0
"16019","Bonneville, ID",0
"16021","Boundary, ID",0
"16023","Butte, ID",0
"16025","Camas, ID",0
"16027","Canyon, ID",1
"16029","Caribou, ID",0
"16031","Cassia, ID",0
"16033","Clark, ID",0
"16035","Clearwater, ID",0
"16037","Custer, ID",0
"16039","Elmore, ID",0
"16041","Franklin, ID",0
"16043","Fremont, ID",0
"16045","Gem, ID",0
"16047","Gooding, ID",0
"16049","Idaho, ID",0
"16051","Jefferson, ID",0
"16053","Jerome, ID",0
"16055","Kootenai, ID",3
"16057","Latah, ID",0
"16059","Lemhi, ID",0
"16061","Lewis, ID",0
"16063","Lincoln, ID",0
"16065","Madison, ID",2
"16067","Minidoka, ID",0
"16069","Nez Perce, ID",0
"16071","Oneida, ID",0
"16073","Owyhee, ID",0
"16075","Payette, ID",0
"16077","Power, ID",0
"16079","Shoshone, ID",0
"16081","Teton, ID",2
"16083","Twin Falls, ID",1
"16085","Valley, ID",1
"16087","Washington, ID",0
"17001","Adams, IL",1
"17003","Alexander, IL",0
"17005","Bond, IL",0
"17007","Boone, IL",0
"17009","Brown, IL",0
"17011","Bureau, IL",0
"17013","Calhoun, IL",0
"17015","Carroll, IL",0
"17017","Cass, IL",0
"17019","Champaign, IL",2
"17021","Christian, IL",1
"17023","Clark, IL",0
"17025","Clay, IL",0
"17027","Clinton, IL",3
"17029","Coles, IL",0
"17031","Cook, IL",805
"17033","Crawford, IL",0
"17035","Cumberland, IL",1
"17037","Dekalb, IL",24
"17039","De Witt, IL",0
"17041","Douglas, IL",0
"17043","Dupage, IL",79
"17045","Edgar, IL",0
"17047","Edwards, IL",0
"17049","Effingham, IL",0
"17051","Fayette, IL",0
"17053","Ford, IL",0
"17055","Franklin, IL",0
"17057","Fulton, IL",0
"17059","Gallatin, IL",0
"17061","Greene, IL",0
"17063","Grundy, IL",0
"17065","Hamilton, IL",0
"17067","Hancock, IL",0
"17069","Hardin, IL",0
"17071","Henderson, IL",0
"17073","Henry, IL",0
"17075","Iroquois, IL",0
"17077","Jackson, IL",1
"17079","Jasper, IL",0
"17081","Jefferson, IL",0
"17083","Jersey, IL",0
"17085","Jo Daviess, IL",1
"17087","Johnson, IL",0
"17089","Kane, IL",13
"17091","Kankakee, IL",2
"17093","Kendall, IL",24
"17095","Knox, IL",0
"17097","Lake, IL",69
"17099","Lasalle, IL",1
"17101","Lawrence, IL",0
"17103","Lee, IL",0
"17105","Livingston, IL",1
"17107","Logan, IL",0
"17109","Mcdonough, IL",0
"17111","Mchenry, IL",12
"17113","Mclean, IL",7
"17115","Macon, IL",0
"17117","Macoupin, IL",0
"17119","Madison, IL",24
"17121","Marion, IL",0
"17123","Marshall, IL",0
"17125","Mason, IL",0
"17127","Massac, IL",0
"17129","Menard, IL",0
"17131","Mercer, IL",0
"17133","Monroe, IL",0
"17135","Montgomery, IL",0
"17137","Morgan, IL",0
"17139","Moultrie, IL",0
"17141","Ogle, IL",0
"17143","Peoria, IL",3
"17145","Perry, IL",0
"17147","Piatt, IL",0
"17149","Pike, IL",0
"17151","Pope, IL",0
"17153","Pulaski, IL",0
"17155","Putnam, IL",0
"17157","Randolph, IL",0
"17159","Richland, IL",0
"17161","Rock Island, IL",1
"17163","St. Clair, IL",3
"17165","Saline, IL",0
"17167","Sangamon, IL",4
"17169","Schuyler, IL",0
"17171","Scott, IL",0
"17173","Shelby, IL",0
"17175","Stark, IL",0
"17177","Stephenson, IL",1
"17179","Tazewell, IL",0
"17181","Union, IL",0
"17183","Vermilion, IL",0
"17185","Wabash, IL",0
"17187","Warren, IL",0
"17189","Washington, IL",1
"17191","Wayne, IL",0
"17193","White, IL",0
"17195","Whiteside, IL",1
"17197","Will, IL",21
"17199","Williamson, IL",1
"17201","Winnebago, IL",5
"17203","Woodford, IL",2
"18001","Adams, IN",1
"18003","Allen, IN",4
"18005","Bartholomew, IN",5
"18007","Benton, IN",0
"18009","Blackford, IN",0
"18011","Boone, IN",3
"18013","Brown, IN",0
"18015","Carroll, IN",0
"18017","Cass, IN",0
"18019","Clark, IN",4
"18021","Clay, IN",0
"18023","Clinton, IN",0
"18025","Crawford, IN",0
"18027","Daviess, IN",0
"18029","Dearborn, IN",0
"18031","Decatur, IN",0
"18033","Dekalb, IN",0
"18035","Delaware, IN",2
"18037","Dubois, IN",1
"18039","Elkhart, IN",1
"18041","Fayette, IN",1
"18043","Floyd, IN",3
"18045","Fountain, IN",0
"18047","Franklin, IN",4
"18049","Fulton, IN",0
"18051","Gibson, IN",0
"18053","Grant, IN",2
"18055","Greene, IN",0
"18057","Hamilton, IN",18
"18059","Hancock, IN",2
"18061","Harrison, IN",1
"18063","Hendricks, IN",8
"18065","Henry, IN",0
"18067","Howard, IN",6
"18069","Huntington, IN",0
"18071","Jackson, IN",0
"18073","Jasper, IN",0
"18075","Jay, IN",0
"18077","Jefferson, IN",0
"18079","Jennings, IN",1
"18081","Johnson, IN",12
"18083","Knox, IN",0
"18085","Kosciusko, IN",0
"18087","Lagrange, IN",0
"18089","Lake, IN",10
"18091","Laporte, IN",2
"18093","Lawrence, IN",0
"18095","Madison, IN",2
"18097","Marion, IN",82
"18099","Marshall, IN",0
"18101","Martin, IN",0
"18103","Miami, IN",1
"18105","Monroe, IN",1
"18107","Montgomery, IN",0
"18109","Morgan, IN",1
"18111","Newton, IN",0
"18113","Noble, IN",1
"18115","Ohio, IN",0
"18117","Orange, IN",0
"18119","Owen, IN",1
"18121","Parke, IN",0
"18123","Perry, IN",0
"18125","Pike, IN",0
"18127","Porter, IN",0
"18129","Posey, IN",0
"18131","Pulaski, IN",0
"18133","Putnam, IN",1
"18135","Randolph, IN",0
"18137","Ripley, IN",1
"18139","Rush, IN",0
"18141","St. Joseph, IN",8
"18143","Scott, IN",1
"18145","Shelby, IN",1
"18147","Spencer, IN",0
"18149","Starke, IN",0
"18151","Steuben, IN",0
"18153","Sullivan, IN",0
"18155","Switzerland, IN",0
"18157","Tippecanoe, IN",2
"18159","Tipton, IN",1
"18161","Union, IN",0
"18163","Vanderburgh, IN",2
"18165","Vermillion, IN",0
"18167","Vigo, IN",2
"18169","Wabash, IN",0
"18171","Warren, IN",0
"18173","Warrick, IN",0
"18175","Washington, IN",1
"18177","Wayne, IN",1
"18179","Wells, IN",1
"18181","White, IN",0
"18183","Whitley, IN",0
"19001","Adair, IA",1
"19003","Adams, IA",0
"19005","Allamakee, IA",5
"19007","Appanoose, IA",0
"19009","Audubon, IA",0
"19011","Benton, IA",0
"19013","Black Hawk, IA",3
"19015","Boone, IA",0
"19017","Bremer, IA",0
"19019","Buchanan, IA",0
"19021","Buena Vista, IA",0
"19023","Butler, IA",0
"19025","Calhoun, IA",0
"19027","Carroll, IA",1
"19029","Cass, IA",0
"19031","Cedar, IA",0
"19033","Cerro Gordo, IA",2
"19035","Cherokee, IA",0
"19037","Chickasaw, IA",0
"19039","Clarke, IA",0
"19041","Clay, IA",0
"19043","Clayton, IA",0
"19045","Clinton, IA",0
"19047","Crawford, IA",0
"19049","Dallas, IA",6
"19051","Davis, IA",0
"19053","Decatur, IA",0
"19055","Delaware, IA",0
"19057","Des Moines, IA",0
"19059","Dickinson, IA",0
"19061","Dubuque, IA",4
"19063","Emmet, IA",0
"19065","Fayette, IA",1
"19067","Floyd, IA",0
"19069","Franklin, IA",0
"19071","Fremont, IA",0
"19073","Greene, IA",0
"19075","Grundy, IA",0
"19077","Guthrie, IA",0
"19079","Hamilton, IA",0
"19081","Hancock, IA",0
"19083","Hardin, IA",0
"19085","Harrison, IA",3
"19087","Henry, IA",1
"19089","Howard, IA",0
"19091","Humboldt, IA",0
"19093","Ida, IA",0
"19095","Iowa, IA",0
"19097","Jackson, IA",0
"19099","Jasper, IA",0
"19101","Jefferson, IA",0
"19103","Johnson, IA",32
"19105","Jones, IA",0
"19107","Keokuk, IA",0
"19109","Kossuth, IA",1
"19111","Lee, IA",0
"19113","Linn, IA",4
"19115","Louisa, IA",0
"19117","Lucas, IA",0
"19119","Lyon, IA",0
"19121","Madison, IA",0
"19123","Mahaska, IA",0
"19125","Marion, IA",0
"19127","Marshall, IA",0
"19129","Mills, IA",0
"19131","Mitchell, IA",0
"19133","Monona, IA",0
"19135","Monroe, IA",0
"19137","Montgomery, IA",0
"19139","Muscatine, IA",2
"19141","O'Brien, IA",0
"19143","Osceola, IA",0
"19145","Page, IA",0
"19147","Palo Alto, IA",0
"19149","Plymouth, IA",0
"19151","Pocahontas, IA",0
"19153","Polk, IA",10
"19155","Pottawattamie, IA",2
"19157","Poweshiek, IA",1
"19159","Ringgold, IA",0
"19161","Sac, IA",0
"19163","Scott, IA",1
"19165","Shelby, IA",0
"19167","Sioux, IA",1
"19169","Story, IA",1
"19171","Tama, IA",3
"19173","Taylor, IA",0
"19175","Union, IA",0
"19177","Van Buren, IA",0
"19179","Wapello, IA",0
"19181","Warren, IA",0
"19183","Washington, IA",3
"19185","Wayne, IA",0
"19187","Webster, IA",0
"19189","Winnebago, IA",0
"19191","Winneshiek, IA",1
"19193","Woodbury, IA",1
"19195","Worth, IA",0
"19197","Wright, IA",0
"20001","Allen, KS",0
"20003","Anderson, KS",0
"20005","Atchison, KS",0
"20007","Barber, KS",0
"20009","Barton, KS",0
"20011","Bourbon, KS",0
"20013","Brown, KS",0
"20015","Butler, KS",3
"20017","Chase, KS",0
"20019","Chautauqua, KS",0
"20021","Cherokee, KS",1
"20023","Cheyenne, KS",0
"20025","Clark, KS",0
"20027","Clay, KS",0
"20029","Cloud, KS",0
"20031","Coffey, KS",0
"20033","Comanche, KS",0
"20035","Cowley, KS",0
"20037","Crawford, KS",0
"20039","Decatur, KS",0
"20041","Dickinson, KS",0
"20043","Doniphan, KS",0
"20045","Douglas, KS",4
"20047","Edwards, KS",0
"20049","Elk, KS",0
"20051","Ellis, KS",0
"20053","Ellsworth, KS",0
"20055","Finney, KS",0
"20057","Ford, KS",0
"20059","Franklin, KS",1
"20061","Geary, KS",0
"20063","Gove, KS",0
"20065","Graham, KS",0
"20067","Grant, KS",0
"20069","Gray, KS",0
"20071","Greeley, KS",0
"20073","Greenwood, KS",0
"20075","Hamilton, KS",0
"20077","Harper, KS",0
"20079","Harvey, KS",0
"20081","Haskell, KS",0
"20083","Hodgeman, KS",0
"20085","Jackson, KS",1
"20087","Jefferson, KS",0
"20089","Jewell, KS",0
"20091","Johnson, KS",28
"20093","Kearny, KS",0
"20095","Kingman, KS",0
"20097","Kiowa, KS",0
"20099","Labette, KS",0
"20101","Lane, KS",0
"20103","Leavenworth, KS",4
"20105","Lincoln, KS",0
"20107","Linn, KS",1
"20109","Logan, KS",0
"20111","Lyon, KS",0
"20113","Mcpherson, KS",0
"20115","Marion, KS",0
"20117","Marshall, KS",0
"20119","Meade, KS",0
"20121","Miami, KS",0
"20123","Mitchell, KS",1
"20125","Montgomery, KS",0
"20127","Morris, KS",2
"20129","Morton, KS",0
"20131","Nemaha, KS",0
"20133","Neosho, KS",0
"20135","Ness, KS",0
"20137","Norton, KS",0
"20139","Osage, KS",0
"20141","Osborne, KS",0
"20143","Ottawa, KS",0
"20145","Pawnee, KS",0
"20147","Phillips, KS",0
"20149","Pottawatomie, KS",0
"20151","Pratt, KS",0
"20153","Rawlins, KS",0
"20155","Reno, KS",1
"20157","Republic, KS",0
"20159","Rice, KS",0
"20161","Riley, KS",1
"20163","Rooks, KS",0
"20165","Rush, KS",0
"20167","Russell, KS",0
"20169","Saline, KS",0
"20171","Scott, KS",0
"20173","Sedgwick, KS",2
"20175","Seward, KS",0
"20177","Shawnee, KS",0
"20179","Sheridan, KS",0
"20181","Sherman, KS",0
"20183","Smith, KS",0
"20185","Stafford, KS",0
"20187","Stanton, KS",0
"20189","Stevens, KS",0
"20191","Sumner, KS",0
"20193","Thomas, KS",0
"20195","Trego, KS",0
"20197","Wabaunsee, KS",0
"20199","Wallace, KS",0
"20201","Washington, KS",0
"20203","Wichita, KS",0
"20205","Wilson, KS",0
"20207","Woodson, KS",0
"20209","Wyandotte, KS",14
"21001","Adair, KY",0
"21003","Allen, KY",0
"21005","Anderson, KY",1
"21007","Ballard, KY",0
"21009","Barren, KY",0
"21011","Bath, KY",0
"21013","Bell, KY",0
"21015","Boone, KY",0
"21017","Bourbon, KY",2
"21019","Boyd, KY",0
"21021","Boyle, KY",0
"21023","Bracken, KY",0
"21025","Breathitt, KY",1
"21027","Breckinridge, KY",0
"21029","Bullitt, KY",0
"21031","Butler, KY",0
"21033","Caldwell, KY",0
"21035","Calloway, KY",1
"21037","Campbell, KY",0
"21039","Carlisle, KY",0
"21041","Carroll, KY",0
"21043","Carter, KY",0
"21045","Casey, KY",0
"21047","Christian, KY",1
"21049","Clark, KY",2
"21051","Clay, KY",0
"21053","Clinton, KY",0
"21055","Crittenden, KY",0
"21057","Cumberland, KY",0
"21059","Daviess, KY",1
"21061","Edmonson, KY",0
"21063","Elliott, KY",0
"21065","Estill, KY",0
"21067","Fayette, KY",7
"21069","Fleming, KY",0
"21071","Floyd, KY",0
"21073","Franklin, KY",1
"21075","Fulton, KY",0
"21077","Gallatin, KY",0
"21079","Garrard, KY",0
"21081","Grant, KY",0
"21083","Graves, KY",0
"21085","Grayson, KY",0
"21087","Green, KY",0
"21089","Greenup, KY",0
"21091","Hancock, KY",0
"21093","Hardin, KY",1
"21095","Harlan, KY",0
"21097","Harrison, KY",7
"21099","Hart, KY",0
"21101","Henderson, KY",1
"21103","Henry, KY",0
"21105","Hickman, KY",0
"21107","Hopkins, KY",0
"21109","Jackson, KY",0
"21111","Jefferson, KY",17
"21113","Jessamine, KY",1
"21115","Johnson, KY",0
"21117","Kenton, KY",1
"21119","Knott, KY",0
"21121","Knox, KY",0
"21123","Larue, KY",0
"21125","Laurel, KY",0
"21127","Lawrence, KY",0
"21129","Lee, KY",0
"21131","Leslie, KY",0
"21133","Letcher, KY",0
"21135","Lewis, KY",0
"21137","Lincoln, KY",0
"21139","Livingston, KY",0
"21141","Logan, KY",0
"21143","Lyon, KY",1
"21145","Mccracken, KY",0
"21147","Mccreary, KY",0
"21149","Mclean, KY",0
"21151","Madison, KY",1
"21153","Magoffin, KY",0
"21155","Marion, KY",0
"21157","Marshall, KY",0
"21159","Martin, KY",0
"21161","Mason, KY",0
"21163","Meade, KY",0
"21165","Menifee, KY",1
"21167","Mercer, KY",0
"21169","Metcalfe, KY",0
"21171","Monroe, KY",0
"21173","Montgomery, KY",2
"21175","Morgan, KY",0
"21177","Muhlenberg, KY",0
"21179","Nelson, KY",1
"21181","Nicholas, KY",0
"21183","Ohio, KY",0
"21185","Oldham, KY",1
"21187","Owen, KY",0
"21189","Owsley, KY",0
"21191","Pendleton, KY",0
"21193","Perry, KY",0
"21195","Pike, KY",0
"21197","Powell, KY",0
"21199","Pulaski, KY",1
"21201","Robertson, KY",0
"21203","Rockcastle, KY",0
"21205","Rowan, KY",0
"21207","Russell, KY",0
"21209","Scott, KY",0
"21211","Shelby, KY",0
"21213","Simpson, KY",0
"21215","Spencer, KY",1
"21217","Taylor, KY",0
"21219","Todd, KY",0
"21221","Trigg, KY",0
"21223","Trimble, KY",0
"21225","Union, KY",0
"21227","Warren, KY",1
"21229","Washington, KY",0
"21231","Wayne, KY",0
"21233","Webster, KY",0
"21235","Whitley, KY",0
"21237","Wolfe, KY",0
"21239","Woodford, KY",0
"22001","Acadia Parish, LA",2
"22003","Allen Parish, LA",0
"22005","Ascension Parish, LA",17
"22007","Assumption Parish, LA",2
"22009","Avoyelles Parish, LA",1
"22011","Beauregard Parish, LA",1
"22013","Bienville Parish, LA",1
"22015","Bossier Parish, LA",5
"22017","Caddo Parish, LA",16
"22019","Calcasieu Parish, LA",4
"22021","Caldwell Parish, LA",0
"22023","Cameron Parish, LA",0
"22025","Catahoula Parish, LA",1
"22027","Claiborne Parish, LA",1
"22029","Concordia Parish, LA",0
"22031","De Soto Parish, LA",2
"22033","East Baton Rouge Parish, LA",20
"22035","East Carroll Parish, LA",0
"22037","East Feliciana Parish, LA",0
"22039","Evangeline Parish, LA",2
"22041","Franklin Parish, LA",0
"22043","Grant Parish, LA",0
"22045","Iberia Parish, LA",2
"22047","Iberville Parish, LA",2
"22049","Jackson Parish, LA",0
"22051","Jefferson Parish, LA",184
"22053","Jefferson Davis Parish, LA",0
"22055","Lafayette Parish, LA",6
"22057","Lafourche Parish, LA",12
"22059","La Salle Parish, LA",0
"22061","Lincoln Parish, LA",0
"22063","Livingston Parish, LA",2
"22065","Madison Parish, LA",0
"22067","Morehouse Parish, LA",0
"22069","Natchitoches Parish, LA",0
"22071","Orleans Parish, LA",451
"22073","Ouachita Parish, LA",4
"22075","Plaquemines Parish, LA",5
"22077","Pointe Coupee Parish, LA",0
"22079","Rapides Parish, LA",3
"22081","Red River Parish, LA",0
"22083","Richland Parish, LA",0
"22085","Sabine Parish, LA",0
"22087","St. Bernard Parish, LA",13
"22089","St. Charles Parish, LA",8
"22091","St. Helena Parish, LA",0
"22093","St. James Parish, LA",1
"22095","St. John The Baptist Parish, LA",10
"22097","St. Landry Parish, LA",3
"22099","St. Martin Parish, LA",0
"22101","St. Mary Parish, LA",1
"22103","St. Tammany Parish, LA",25
"22105","Tangipahoa Parish, LA",0
"22107","Tensas Parish, LA",0
"22109","Terrebonne Parish, LA",12
"22111","Union Parish, LA",0
"22113","Vermilion Parish, LA",0
"22115","Vernon Parish, LA",0
"22117","Washington Parish, LA",2
"22119","Webster Parish, LA",2
"22121","West Baton Rouge Parish, LA",3
"22123","West Carroll Parish, LA",0
"22125","West Feliciana Parish, LA",0
"22127","Winn Parish, LA",0
"23001","Androscoggin, ME",3
"23003","Aroostook, ME",0
"23005","Cumberland, ME",53
"23007","Franklin, ME",0
"23009","Hancock, ME",0
"23011","Kennebec, ME",4
"23013","Knox, ME",0
"23015","Lincoln, ME",4
"23017","Oxford, ME",4
"23019","Penobscot, ME",2
"23021","Piscataquis, ME",0
"23023","Sagadahoc, ME",3
"23025","Somerset, ME",0
"23027","Waldo, ME",0
"23029","Washington, ME",0
"23031","York, ME",8
"24001","Allegany, MD",0
"24003","Anne Arundel, MD",18
"24005","Baltimore, MD",28
"24009","Calvert, MD",2
"24011","Caroline, MD",1
"24013","Carroll, MD",4
"24015","Cecil, MD",1
"24017","Charles, MD",5
"24019","Dorchester, MD",0
"24021","Frederick, MD",1
"24023","Garrett, MD",0
"24025","Harford, MD",5
"24027","Howard, MD",24
"24029","Kent, MD",0
"24031","Montgomery, MD",83
"24033","Prince George'S, MD",40
"24035","Queen Anne'S, MD",0
"24037","St. Mary'S, MD",1
"24039","Somerset, MD",1
"24041","Talbot, MD",1
"24043","Washington, MD",1
"24045","Wicomico, MD",2
"24047","Worcester, MD",2
"24510","Baltimore City, MD",24
"25001","Barnstable, MA",24
"25003","Berkshire, MA",23
"25005","Bristol, MA",24
"25007","Dukes, MA",1
"25009","Essex, MA",60
"25011","Franklin, MA",2
"25013","Hampden, MA",12
"25015","Hampshire, MA",4
"25017","Middlesex, MA",199
"25019","Nantucket, MA",0
"25021","Norfolk, MA",75
"25023","Plymouth, MA",25
"25025","Suffolk, MA",126
"25027","Worcester, MA",37
"26001","Alcona, MI",0
"26003","Alger, MI",0
"26005","Allegan, MI",3
"26007","Alpena, MI",0
"26009","Antrim, MI",0
"26011","Arenac, MI",0
"26013","Baraga, MI",0
"26015","Barry, MI",1
"26017","Bay, MI",1
"26019","Benzie, MI",0
"26021","Berrien, MI",3
"26023","Branch, MI",0
"26025","Calhoun, MI",2
"26027","Cass, MI",0
"26029","Charlevoix, MI",2
"26031","Cheboygan, MI",0
"26033","Chippewa, MI",0
"26035","Clare, MI",1
"26037","Clinton, MI",3
"26039","Crawford, MI",0
"26041","Delta, MI",0
"26043","Dickinson, MI",0
"26045","Eaton, MI",3
"26047","Emmet, MI",3
"26049","Genesee, MI",14
"26051","Gladwin, MI",3
"26053","Gogebic, MI",0
"26055","Grand Traverse, MI",3
"26057","Gratiot, MI",0
"26059","Hillsdale, MI",0
"26061","Houghton, MI",0
"26063","Huron, MI",0
"26065","Ingham, MI",11
"26067","Ionia, MI",0
"26069","Iosco, MI",0
"26071","Iron, MI",0
"26073","Isabella, MI",0
"26075","Jackson, MI",1
"26077","Kalamazoo, MI",0
"26079","Kalkaska, MI",0
"26081","Kent, MI",21
"26083","Keweenaw, MI",0
"26085","Lake, MI",0
"26087","Lapeer, MI",0
"26089","Leelanau, MI",1
"26091","Lenawee, MI",0
"26093","Livingston, MI",8
"26095","Luce, MI",0
"26097","Mackinac, MI",0
"26099","Macomb, MI",140
"26101","Manistee, MI",0
"26103","Marquette, MI",0
"26105","Mason, MI",0
"26107","Mecosta, MI",0
"26109","Menominee, MI",0
"26111","Midland, MI",5
"26113","Missaukee, MI",0
"26115","Monroe, MI",6
"26117","Montcalm, MI",1
"26119","Montmorency, MI",0
"26121","Muskegon, MI",0
"26123","Newaygo, MI",0
"26125","Oakland, MI",277
"26127","Oceana, MI",0
"26129","Ogemaw, MI",0
"26131","Ontonagon, MI",0
"26133","Osceola, MI",0
"26135","Oscoda, MI",0
"26137","Otsego, MI",1
"26139","Ottawa, MI",6
"26141","Presque Isle, MI",0
"26143","Roscommon, MI",3
"26145","Saginaw, MI",2
"26147","St. Clair, MI",7
"26149","St. Joseph, MI",0
"26151","Sanilac, MI",0
"26153","Schoolcraft, MI",0
"26155","Shiawassee, MI",0
"26157","Tuscola, MI",1
"26159","Van Buren, MI",0
"26161","Washtenaw, MI",35
"26163","Wayne, MI",477
"26165","Wexford, MI",1
"27001","Aitkin, MN",0
"27003","Anoka, MN",5
"27005","Becker, MN",0
"27007","Beltrami, MN",0
"27009","Benton, MN",2
"27011","Big Stone, MN",0
"27013","Blue Earth, MN",4
"27015","Brown, MN",0
"27017","Carlton, MN",0
"27019","Carver, MN",7
"27021","Cass, MN",0
"27023","Chippewa, MN",0
"27025","Chisago, MN",1
"27027","Clay, MN",2
"27029","Clearwater, MN",0
"27031","Cook, MN",0
"27033","Cottonwood, MN",0
"27035","Crow Wing, MN",0
"27037","Dakota, MN",11
"27039","Dodge, MN",2
"27041","Douglas, MN",0
"27043","Faribault, MN",0
"27045","Fillmore, MN",2
"27047","Freeborn, MN",0
"27049","Goodhue, MN",0
"27051","Grant, MN",0
"27053","Hennepin, MN",57
"27055","Houston, MN",0
"27057","Hubbard, MN",0
"27059","Isanti, MN",0
"27061","Itasca, MN",0
"27063","Jackson, MN",1
"27065","Kanabec, MN",0
"27067","Kandiyohi, MN",0
"27069","Kittson, MN",0
"27071","Koochiching, MN",0
"27073","Lac Qui Parle, MN",0
"27075","Lake, MN",0
"27077","Lake Of The Woods, MN",0
"27079","Le Sueur, MN",1
"27081","Lincoln, MN",0
"27083","Lyon, MN",0
"27085","Mcleod, MN",0
"27087","Mahnomen, MN",0
"27089","Marshall, MN",0
"27091","Martin, MN",8
"27093","Meeker, MN",0
"27095","Mille Lacs, MN",0
"27097","Morrison, MN",0
"27099","Mower, MN",6
"27101","Murray, MN",0
"27103","Nicollet, MN",3
"27105","Nobles, MN",0
"27107","Norman, MN",0
"27109","Olmsted, MN",14
"27111","Otter Tail, MN",0
"27113","Pennington, MN",0
"27115","Pine, MN",0
"27117","Pipestone, MN",0
"27119","Polk, MN",0
"27121","Pope, MN",0
"27123","Ramsey, MN",18
"27125","Red Lake, MN",0
"27127","Redwood, MN",0
"27129","Renville, MN",1
"27131","Rice, MN",1
"27133","Rock, MN",0
"27135","Roseau, MN",0
"27137","St. Louis, MN",1
"27139","Scott, MN",3
"27141","Sherburne, MN",0
"27143","Sibley, MN",0
"27145","Stearns, MN",4
"27147","Steele, MN",3
"27149","Stevens, MN",0
"27151","Swift, MN",0
"27153","Todd, MN",0
"27155","Traverse, MN",0
"27157","Wabasha, MN",1
"27159","Wadena, MN",0
"27161","Waseca, MN",1
"27163","Washington, MN",7
"27165","Watonwan, MN",0
"27167","Wilkin, MN",0
"27169","Winona, MN",0
"27171","Wright, MN",3
"27173","Yellow Medicine, MN",0
"28001","Adams, MS",1
"28003","Alcorn, MS",0
"28005","Amite, MS",0
"28007","Attala, MS",1
"28009","Benton, MS",0
"28011","Bolivar, MS",3
"28013","Calhoun, MS",0
"28015","Carroll, MS",0
"28017","Chickasaw, MS",1
"28019","Choctaw, MS",0
"28021","Claiborne, MS",0
"28023","Clarke, MS",0
"28025","Clay, MS",1
"28027","Coahoma, MS",7
"28029","Copiah, MS",4
"28031","Covington, MS",0
"28033","Desoto, MS",18
"28035","Forrest, MS",11
"28037","Franklin, MS",3
"28039","George, MS",1
"28041","Greene, MS",0
"28043","Grenada, MS",2
"28045","Hancock, MS",4
"28047","Harrison, MS",15
"28049","Hinds, MS",20
"28051","Holmes, MS",6
"28053","Humphreys, MS",1
"28055","Issaquena, MS",0
"28057","Itawamba, MS",3
"28059","Jackson, MS",5
"28061","Jasper, MS",0
"28063","Jefferson, MS",0
"28065","Jefferson Davis, MS",0
"28067","Jones, MS",1
"28069","Kemper, MS",0
"28071","Lafayette, MS",5
"28073","Lamar, MS",0
"28075","Lauderdale, MS",0
"28077","Lawrence, MS",2
"28079","Leake, MS",1
"28081","Lee, MS",6
"28083","Leflore, MS",8
"28085","Lincoln, MS",4
"28087","Lowndes, MS",4
"28089","Madison, MS",9
"28091","Marion, MS",0
"28093","Marshall, MS",3
"28095","Monroe, MS",2
"28097","Montgomery, MS",1
"28099","Neshoba, MS",0
"28101","Newton, MS",0
"28103","Noxubee, MS",0
"28105","Oktibbeha, MS",2
"28107","Panola, MS",2
"28109","Pearl River, MS",10
"28111","Perry, MS",1
"28113","Pike, MS",3
"28115","Pontotoc, MS",0
"28117","Prentiss, MS",0
"28119","Quitman, MS",0
"28121","Rankin, MS",7
"28123","Scott, MS",1
"28125","Sharkey, MS",0
"28127","Simpson, MS",1
"28129","Smith, MS",1
"28131","Stone, MS",0
"28133","Sunflower, MS",2
"28135","Tallahatchie, MS",0
"28137","Tate, MS",1
"28139","Tippah, MS",7
"28141","Tishomingo, MS",0
"28143","Tunica, MS",2
"28145","Union, MS",1
"28147","Walthall, MS",2
"28149","Warren, MS",0
"28151","Washington, MS",3
"28153","Wayne, MS",0
"28155","Webster, MS",1
"28157","Wilkinson, MS",3
"28159","Winston, MS",2
"28161","Yalobusha, MS",0
"28163","Yazoo, MS",1
"29001","Adair, MO",1
"29003","Andrew, MO",0
"29005","Atchison, MO",0
"29007","Audrain, MO",0
"29009","Barry, MO",0
"29011","Barton, MO",0
"29013","Bates, MO",1
"29015","Benton, MO",0
"29017","Bollinger, MO",0
"29019","Boone, MO",10
"29021","Buchanan, MO",0
"29023","Butler, MO",0
"29025","Caldwell, MO",0
"29027","Callaway, MO",0
"29029","Camden, MO",1
"29031","Cape Girardeau, MO",0
"29033","Carroll, MO",0
"29035","Carter, MO",0
"29037","Cass, MO",6
"29039","Cedar, MO",0
"29041","Chariton, MO",0
"29043","Christian, MO",1
"29045","Clark, MO",0
"29047","Clay, MO",0
"29049","Clinton, MO",0
"29051","Cole, MO",4
"29053","Cooper, MO",0
"29055","Crawford, MO",0
"29057","Dade, MO",0
"29059","Dallas, MO",0
"29061","Daviess, MO",0
"29063","Dekalb, MO",0
"29065","Dent, MO",0
"29067","Douglas, MO",0
"29069","Dunklin, MO",1
"29071","Franklin, MO",0
"29073","Gasconade, MO",0
"29075","Gentry, MO",0
"29077","Greene, MO",14
"29079","Grundy, MO",0
"29081","Harrison, MO",0
"29083","Henry, MO",1
"29085","Hickory, MO",0
"29087","Holt, MO",0
"29089","Howard, MO",0
"29091","Howell, MO",0
"29093","Iron, MO",0
"29095","Jackson, MO",19
"29097","Jasper, MO",1
"29099","Jefferson, MO",0
"29101","Johnson, MO",1
"29103","Knox, MO",0
"29105","Laclede, MO",0
"29107","Lafayette, MO",0
"29109","Lawrence, MO",0
"29111","Lewis, MO",0
"29113","Lincoln, MO",0
"29115","Linn, MO",0
"29117","Livingston, MO",0
"29119","Mcdonald, MO",0
"29121","Macon, MO",0
"29123","Madison, MO",0
"29125","Maries, MO",0
"29127","Marion, MO",0
"29129","Mercer, MO",0
"29131","Miller, MO",0
"29133","Mississippi, MO",0
"29135","Moniteau, MO",1
"29137","Monroe, MO",0
"29139","Montgomery, MO",0
"29141","Morgan, MO",0
"29143","New Madrid, MO",0
"29145","Newton, MO",0
"29147","Nodaway, MO",0
"29149","Oregon, MO",0
"29151","Osage, MO",0
"29153","Ozark, MO",0
"29155","Pemiscot, MO",0
"29157","Perry, MO",1
"29159","Pettis, MO",0
"29161","Phelps, MO",0
"29163","Pike, MO",0
"29165","Platte, MO",0
"29167","Polk, MO",0
"29169","Pulaski, MO",1
"29171","Putnam, MO",0
"29173","Ralls, MO",0
"29175","Randolph, MO",0
"29177","Ray, MO",0
"29179","Reynolds, MO",0
"29181","Ripley, MO",0
"29183","St. Charles, MO",2
"29185","St. Clair, MO",0
"29186","Ste. Genevieve, MO",0
"29187","St. Francois, MO",1
"29189","St. Louis, MO",23
"29195","Saline, MO",0
"29197","Schuyler, MO",0
"29199","Scotland, MO",0
"29201","Scott, MO",1
"29203","Shannon, MO",0
"29205","Shelby, MO",0
"29207","Stoddard, MO",0
"29209","Stone, MO",0
"29211","Sullivan, MO",0
"29213","Taney, MO",0
"29215","Texas, MO",0
"29217","Vernon, MO",0
"29219","Warren, MO",0
"29221","Washington, MO",0
"29223","Wayne, MO",0
"29225","Webster, MO",0
"29227","Worth, MO",0
"29229","Wright, MO",0
"29510","St. Louis City, MO",10
"30001","Beaverhead, MT",0
"30003","Big Horn, MT",0
"30005","Blaine, MT",0
"30007","Broadwater, MT",1
"30009","Carbon, MT",0
"30011","Carter, MT",0
"30013","Cascade, MT",3
"30015","Chouteau, MT",0
"30017","Custer, MT",0
"30019","Daniels, MT",0
"30021","Dawson, MT",0
"30023","Deer Lodge, MT",0
"30025","Fallon, MT",0
"30027","Fergus, MT",0
"30029","Flathead, MT",2
"30031","Gallatin, MT",10
"30033","Garfield, MT",0
"30035","Glacier, MT",0
"30037","Golden Valley, MT",0
"30039","Granite, MT",0
"30041","Hill, MT",0
"30043","Jefferson, MT",0
"30045","Judith Basin, MT",0
"30047","Lake, MT",1
"30049","Lewis And Clark, MT",3
"30051","Liberty, MT",0
"30053","Lincoln, MT",0
"30055","Mccone, MT",0
"30057","Madison, MT",1
"30059","Meagher, MT",0
"30061","Mineral, MT",0
"30063","Missoula, MT",4
"30065","Musselshell, MT",0
"30067","Park, MT",0
"30069","Petroleum, MT",0
"30071","Phillips, MT",0
"30073","Pondera, MT",0
"30075","Powder River, MT",0
"30077","Powell, MT",0
"30079","Prairie, MT",0
"30081","Ravalli, MT",1
"30083","Richland, MT",0
"30085","Roosevelt, MT",1
"30087","Rosebud, MT",0
"30089","Sanders, MT",0
"30091","Sheridan, MT",0
"30093","Silver Bow, MT",2
"30095","Stillwater, MT",0
"30097","Sweet Grass, MT",0
"30099","Teton, MT",0
"30101","Toole, MT",0
"30103","Treasure, MT",0
"30105","Valley, MT",0
"30107","Wheatland, MT",0
"30109","Wibaux, MT",0
"30111","Yellowstone, MT",6
"31001","Adams, NE",1
"31003","Antelope, NE",0
"31005","Arthur, NE",0
"31007","Banner, NE",0
"31009","Blaine, NE",0
"31011","Boone, NE",0
"31013","Box Butte, NE",0
"31015","Boyd, NE",0
"31017","Brown, NE",0
"31019","Buffalo, NE",1
"31021","Burt, NE",0
"31023","Butler, NE",0
"31025","Cass, NE",1
"31027","Cedar, NE",0
"31029","Chase, NE",0
"31031","Cherry, NE",0
"31033","Cheyenne, NE",0
"31035","Clay, NE",0
"31037","Colfax, NE",0
"31039","Cuming, NE",0
"31041","Custer, NE",0
"31043","Dakota, NE",0
"31045","Dawes, NE",0
"31047","Dawson, NE",2
"31049","Deuel, NE",0
"31051","Dixon, NE",0
"31053","Dodge, NE",0
"31055","Douglas, NE",35
"31057","Dundy, NE",0
"31059","Fillmore, NE",0
"31061","Franklin, NE",0
"31063","Frontier, NE",0
"31065","Furnas, NE",0
"31067","Gage, NE",0
"31069","Garden, NE",0
"31071","Garfield, NE",0
"31073","Gosper, NE",0
"31075","Grant, NE",0
"31077","Greeley, NE",0
"31079","Hall, NE",0
"31081","Hamilton, NE",0
"31083","Harlan, NE",0
"31085","Hayes, NE",0
"31087","Hitchcock, NE",0
"31089","Holt, NE",0
"31091","Hooker, NE",0
"31093","Howard, NE",0
"31095","Jefferson, NE",0
"31097","Johnson, NE",0
"31099","Kearney, NE",0
"31101","Keith, NE",0
"31103","Keya Paha, NE",0
"31105","Kimball, NE",0
"31107","Knox, NE",2
"31109","Lancaster, NE",2
"31111","Lincoln, NE",3
"31113","Logan, NE",0
"31115","Loup, NE",0
"31117","Mcpherson, NE",0
"31119","Madison, NE",0
"31121","Merrick, NE",0
"31123","Morrill, NE",0
"31125","Nance, NE",0
"31127","Nemaha, NE",1
"31129","Nuckolls, NE",0
"31131","Otoe, NE",0
"31133","Pawnee, NE",0
"31135","Perkins, NE",0
"31137","Phelps, NE",0
"31139","Pierce, NE",0
"31141","Platte, NE",0
"31143","Polk, NE",0
"31145","Red Willow, NE",0
"31147","Richardson, NE",0
"31149","Rock, NE",0
"31151","Saline, NE",0
"31153","Sarpy, NE",2
"31155","Saunders, NE",0
"31157","Scotts Bluff, NE",0
"31159","Seward, NE",0
"31161","Sheridan, NE",0
"31163","Sherman, NE",0
"31165","Sioux, NE",0
"31167","Stanton, NE",0
"31169","Thayer, NE",0
"31171","Thomas, NE",0
"31173","Thurston, NE",0
"31175","Valley, NE",0
"31177","Washington, NE",0
"31179","Wayne, NE",0
"31181","Webster, NE",0
"31183","Wheeler, NE",0
"31185","York, NE",0
"32001","Churchill, NV",0
"32003","Clark, NV",126
"32005","Douglas, NV",0
"32007","Elko, NV",0
"32009","Esmeralda, NV",0
"32011","Eureka, NV",0
"32013","Humboldt, NV",0
"32015","Lander, NV",0
"32017","Lincoln, NV",0
"32019","Lyon, NV",0
"32021","Mineral, NV",0
"32023","Nye, NV",0
"32027","Pershing, NV",0
"32029","Storey, NV",0
"32031","Washoe, NV",25
"32033","White Pine, NV",0
"32510","Carson City, NV",1
"33001","Belknap, NH",4
"33003","Carroll, NH",6
"33005","Cheshire, NH",1
"33007","Coos, NH",0
"33009","Grafton, NH",15
"33011","Hillsborough, NH",16
"33013","Merrimack, NH",4
"33015","Rockingham, NH",28
"33017","Strafford, NH",3
"33019","Sullivan, NH",1
"34001","Atlantic, NJ",5
"34003","Bergen, NJ",457
"34005","Burlington, NJ",26
"34007","Camden, NJ",22
"34009","Cape May, NJ",2
"34011","Cumberland, NJ",1
"34013","Essex, NJ",172
"34015","Gloucester, NJ",8
"34017","Hudson, NJ",126
"34019","Hunterdon, NJ",16
"34021","Mercer, NJ",40
"34023","Middlesex, NJ",147
"34025","Monmouth, NJ",158
"34027","Morris, NJ",119
"34029","Ocean, NJ",102
"34031","Passaic, NJ",95
"34033","Salem, NJ",1
"34035","Somerset, NJ",51
"34037","Sussex, NJ",12
"34039","Union, NJ",124
"34041","Warren, NJ",9
"35001","Bernalillo, NM",34
"35003","Catron, NM",0
"35005","Chaves, NM",0
"35006","Cibola, NM",0
"35007","Colfax, NM",0
"35009","Curry, NM",0
"35011","De Baca, NM",0
"35013","Do̱A Ana, NM",4
"35015","Eddy, NM",0
"35017","Grant, NM",0
"35019","Guadalupe, NM",0
"35021","Harding, NM",0
"35023","Hidalgo, NM",0
"35025","Lea, NM",1
"35027","Lincoln, NM",0
"35028","Los Alamos, NM",0
"35029","Luna, NM",0
"35031","Mckinley, NM",2
"35033","Mora, NM",0
"35035","Otero, NM",0
"35037","Quay, NM",0
"35039","Rio Arriba, NM",0
"35041","Roosevelt, NM",0
"35043","Sandoval, NM",7
"35045","San Juan, NM",1
"35047","San Miguel, NM",1
"35049","Santa Fe, NM",10
"35051","Sierra, NM",0
"35053","Socorro, NM",2
"35055","Taos, NM",3
"35057","Torrance, NM",0
"35059","Union, NM",0
"35061","Valencia, NM",0
"36001","Albany, NY",123
"36003","Allegany, NY",2
"36005","Bronx, NY",0
"36007","Broome, NY",3
"36009","Cattaraugus, NY",0
"36011","Cayuga, NY",0
"36013","Chautauqua, NY",0
"36015","Chemung, NY",0
"36017","Chenango, NY",3
"36019","Clinton, NY",4
"36021","Columbia, NY",5
"36023","Cortland, NY",1
"36025","Delaware, NY",3
"36027","Dutchess, NY",82
"36029","Erie, NY",54
"36031","Essex, NY",3
"36033","Franklin, NY",0
"36035","Fulton, NY",1
"36037","Genesee, NY",1
"36039","Greene, NY",2
"36041","Hamilton, NY",2
"36043","Herkimer, NY",4
"36045","Jefferson, NY",1
"36047","Kings, NY",0
"36049","Lewis, NY",0
"36051","Livingston, NY",2
"36053","Madison, NY",1
"36055","Monroe, NY",42
"36057","Montgomery, NY",3
"36059","Nassau, NY",1900
"36061","New York, NY",9045
"36063","Niagara, NY",6
"36065","Oneida, NY",5
"36067","Onondaga, NY",29
"36069","Ontario, NY",6
"36071","Orange, NY",247
"36073","Orleans, NY",0
"36075","Oswego, NY",0
"36077","Otsego, NY",0
"36079","Putnam, NY",37
"36081","Queens, NY",0
"36083","Rensselaer, NY",26
"36085","Richmond, NY",0
"36087","Rockland, NY",455
"36089","St. Lawrence, NY",1
"36091","Saratoga, NY",41
"36093","Schenectady, NY",39
"36095","Schoharie, NY",1
"36097","Schuyler, NY",0
"36099","Seneca, NY",0
"36101","Steuben, NY",3
"36103","Suffolk, NY",1034
"36105","Sullivan, NY",16
"36107","Tioga, NY",1
"36109","Tompkins, NY",13
"36111","Ulster, NY",26
"36113","Warren, NY",1
"36115","Washington, NY",1
"36117","Wayne, NY",3
"36119","Westchester, NY",1873
"36121","Wyoming, NY",2
"36123","Yates, NY",0
"37001","Alamance, NC",1
"37003","Alexander, NC",0
"37005","Alleghany, NC",0
"37007","Anson, NC",0
"37009","Ashe, NC",0
"37011","Avery, NC",0
"37013","Beaufort, NC",0
"37015","Bertie, NC",0
"37017","Bladen, NC",0
"37019","Brunswick, NC",5
"37021","Buncombe, NC",0
"37023","Burke, NC",0
"37025","Cabarrus, NC",4
"37027","Caldwell, NC",0
"37029","Camden, NC",0
"37031","Carteret, NC",2
"37033","Caswell, NC",0
"37035","Catawba, NC",1
"37037","Chatham, NC",3
"37039","Cherokee, NC",0
"37041","Chowan, NC",0
"37043","Clay, NC",0
"37045","Cleveland, NC",0
"37047","Columbus, NC",0
"37049","Craven, NC",2
"37051","Cumberland, NC",2
"37053","Currituck, NC",0
"37055","Dare, NC",0
"37057","Davidson, NC",1
"37059","Davie, NC",1
"37061","Duplin, NC",0
"37063","Durham, NC",40
"37065","Edgecombe, NC",0
"37067","Forsyth, NC",12
"37069","Franklin, NC",0
"37071","Gaston, NC",3
"37073","Gates, NC",0
"37075","Graham, NC",0
"37077","Granville, NC",1
"37079","Greene, NC",0
"37081","Guilford, NC",11
"37083","Halifax, NC",0
"37085","Harnett, NC",8
"37087","Haywood, NC",0
"37089","Henderson, NC",1
"37091","Hertford, NC",0
"37093","Hoke, NC",1
"37095","Hyde, NC",0
"37097","Iredell, NC",6
"37099","Jackson, NC",0
"37101","Johnston, NC",3
"37103","Jones, NC",0
"37105","Lee, NC",1
"37107","Lenoir, NC",0
"37109","Lincoln, NC",1
"37111","Mcdowell, NC",0
"37113","Macon, NC",0
"37115","Madison, NC",0
"37117","Martin, NC",0
"37119","Mecklenburg, NC",66
"37121","Mitchell, NC",0
"37123","Montgomery, NC",0
"37125","Moore, NC",2
"37127","Nash, NC",0
"37129","New Hanover, NC",3
"37131","Northampton, NC",0
"37133","Onslow, NC",1
"37135","Orange, NC",6
"37137","Pamlico, NC",0
"37139","Pasquotank, NC",1
"37141","Pender, NC",0
"37143","Perquimans, NC",0
"37145","Person, NC",0
"37147","Pitt, NC",3
"37149","Polk, NC",0
"37151","Randolph, NC",0
"37153","Richmond, NC",0
"37155","Robeson, NC",0
"37157","Rockingham, NC",0
"37159","Rowan, NC",2
"37161","Rutherford, NC",0
"37163","Sampson, NC",1
"37165","Scotland, NC",1
"37167","Stanly, NC",0
"37169","Stokes, NC",0
"37171","Surry, NC",0
"37173","Swain, NC",0
"37175","Transylvania, NC",0
"37177","Tyrrell, NC",0
"37179","Union, NC",9
"37181","Vance, NC",0
"37183","Wake, NC",40
"37185","Warren, NC",0
"37187","Washington, NC",0
"37189","Watauga, NC",2
"37191","Wayne, NC",1
"37193","Wilkes, NC",0
"37195","Wilson, NC",3
"37197","Yadkin, NC",0
"37199","Yancey, NC",0
"38001","Adams, ND",0
"38003","Barnes, ND",0
"38005","Benson, ND",0
"38007","Billings, ND",0
"38009","Bottineau, ND",0
"38011","Bowman, ND",0
"38013","Burke, ND",0
"38015","Burleigh, ND",16
"38017","Cass, ND",1
"38019","Cavalier, ND",0
"38021","Dickey, ND",0
"38023","Divide, ND",0
"38025","Dunn, ND",0
"38027","Eddy, ND",0
"38029","Emmons, ND",0
"38031","Foster, ND",0
"38033","Golden Valley, ND",0
"38035","Grand Forks, ND",0
"38037","Grant, ND",0
"38039","Griggs, ND",0
"38041","Hettinger, ND",0
"38043","Kidder, ND",0
"38045","Lamoure, ND",0
"38047","Logan, ND",0
"38049","Mchenry, ND",0
"38051","Mcintosh, ND",0
"38053","Mckenzie, ND",0
"38055","Mclean, ND",0
"38057","Mercer, ND",0
"38059","Morton, ND",7
"38061","Mountrail, ND",0
"38063","Nelson, ND",0
"38065","Oliver, ND",0
"38067","Pembina, ND",0
"38069","Pierce, ND",2
"38071","Ramsey, ND",1
"38073","Ransom, ND",0
"38075","Renville, ND",0
"38077","Richland, ND",0
"38079","Rolette, ND",0
"38081","Sargent, ND",0
"38083","Sheridan, ND",0
"38085","Sioux, ND",0
"38087","Slope, ND",0
"38089","Stark, ND",0
"38091","Steele, ND",0
"38093","Stutsman, ND",0
"38095","Towner, ND",0
"38097","Traill, ND",0
"38099","Walsh, ND",0
"38101","Ward, ND",3
"38103","Wells, ND",0
"38105","Williams, ND",0
"39001","Adams, OH",0
"39003","Allen, OH",0
"39005","Ashland, OH",1
"39007","Ashtabula, OH",2
"39009","Athens, OH",0
"39011","Auglaize, OH",0
"39013","Belmont, OH",2
"39015","Brown, OH",0
"39017","Butler, OH",17
"39019","Carroll, OH",1
"39021","Champaign, OH",0
"39023","Clark, OH",1
"39025","Clermont, OH",5
"39027","Clinton, OH",0
"39029","Columbiana, OH",2
"39031","Coshocton, OH",2
"39033","Crawford, OH",0
"39035","Cuyahoga, OH",125
"39037","Darke, OH",1
"39039","Defiance, OH",2
"39041","Delaware, OH",6
"39043","Erie, OH",1
"39045","Fairfield, OH",0
"39047","Fayette, OH",0
"39049","Franklin, OH",34
"39051","Fulton, OH",0
"39053","Gallia, OH",1
"39055","Geauga, OH",2
"39057","Greene, OH",1
"39059","Guernsey, OH",0
"39061","Hamilton, OH",19
"39063","Hancock, OH",1
"39065","Hardin, OH",0
"39067","Harrison, OH",0
"39069","Henry, OH",0
"39071","Highland, OH",0
"39073","Hocking, OH",0
"39075","Holmes, OH",0
"39077","Huron, OH",1
"39079","Jackson, OH",0
"39081","Jefferson, OH",0
"39083","Knox, OH",0
"39085","Lake, OH",6
"39087","Lawrence, OH",0
"39089","Licking, OH",1
"39091","Logan, OH",0
"39093","Lorain, OH",19
"39095","Lucas, OH",5
"39097","Madison, OH",0
"39099","Mahoning, OH",18
"39101","Marion, OH",1
"39103","Medina, OH",10
"39105","Meigs, OH",0
"39107","Mercer, OH",0
"39109","Miami, OH",13
"39111","Monroe, OH",0
"39113","Montgomery, OH",5
"39115","Morgan, OH",0
"39117","Morrow, OH",0
"39119","Muskingum, OH",0
"39121","Noble, OH",0
"39123","Ottawa, OH",0
"39125","Paulding, OH",0
"39127","Perry, OH",0
"39129","Pickaway, OH",0
"39131","Pike, OH",0
"39133","Portage, OH",1
"39135","Preble, OH",0
"39137","Putnam, OH",0
"39139","Richland, OH",1
"39141","Ross, OH",0
"39143","Sandusky, OH",0
"39145","Scioto, OH",0
"39147","Seneca, OH",0
"39149","Shelby, OH",0
"39151","Stark, OH",10
"39153","Summit, OH",23
"39155","Trumbull, OH",3
"39157","Tuscarawas, OH",2
"39159","Union, OH",1
"39161","Van Wert, OH",0
"39163","Vinton, OH",0
"39165","Warren, OH",3
"39167","Washington, OH",0
"39169","Wayne, OH",0
"39171","Williams, OH",0
"39173","Wood, OH",1
"39175","Wyandot, OH",0
"40001","Adair, OK",0
"40003","Alfalfa, OK",0
"40005","Atoka, OK",0
"40007","Beaver, OK",0
"40009","Beckham, OK",0
"40011","Blaine, OK",0
"40013","Bryan, OK",0
"40015","Caddo, OK",0
"40017","Canadian, OK",2
"40019","Carter, OK",0
"40021","Cherokee, OK",0
"40023","Choctaw, OK",0
"40025","Cimarron, OK",0
"40027","Cleveland, OK",13
"40029","Coal, OK",0
"40031","Comanche, OK",0
"40033","Cotton, OK",0
"40035","Craig, OK",0
"40037","Creek, OK",0
"40039","Custer, OK",1
"40041","Delaware, OK",0
"40043","Dewey, OK",0
"40045","Ellis, OK",0
"40047","Garfield, OK",0
"40049","Garvin, OK",2
"40051","Grady, OK",1
"40053","Grant, OK",0
"40055","Greer, OK",0
"40057","Harmon, OK",0
"40059","Harper, OK",0
"40061","Haskell, OK",0
"40063","Hughes, OK",0
"40065","Jackson, OK",1
"40067","Jefferson, OK",0
"40069","Johnston, OK",0
"40071","Kay, OK",4
"40073","Kingfisher, OK",0
"40075","Kiowa, OK",0
"40077","Latimer, OK",0
"40079","Le Flore, OK",0
"40081","Lincoln, OK",0
"40083","Logan, OK",1
"40085","Love, OK",0
"40087","Mcclain, OK",1
"40089","Mccurtain, OK",0
"40091","Mcintosh, OK",0
"40093","Major, OK",0
"40095","Marshall, OK",0
"40097","Mayes, OK",0
"40099","Murray, OK",0
"40101","Muskogee, OK",1
"40103","Noble, OK",1
"40105","Nowata, OK",0
"40107","Okfuskee, OK",0
"40109","Oklahoma, OK",26
"40111","Okmulgee, OK",0
"40113","Osage, OK",0
"40115","Ottawa, OK",0
"40117","Pawnee, OK",3
"40119","Payne, OK",2
"40121","Pittsburg, OK",0
"40123","Pontotoc, OK",0
"40125","Pottawatomie, OK",0
"40127","Pushmataha, OK",0
"40129","Roger Mills, OK",0
"40131","Rogers, OK",0
"40133","Seminole, OK",0
"40135","Sequoyah, OK",0
"40137","Stephens, OK",0
"40139","Texas, OK",0
"40141","Tillman, OK",0
"40143","Tulsa, OK",6
"40145","Wagoner, OK",0
"40147","Washington, OK",2
"40149","Washita, OK",0
"40151","Woods, OK",0
"40153","Woodward, OK",0
"41001","Baker, OR",0
"41003","Benton, OR",4
"41005","Clackamas, OR",12
"41007","Clatsop, OR",0
"41009","Columbia, OR",0
"41011","Coos, OR",0
"41013","Crook, OR",0
"41015","Curry, OR",0
"41017","Deschutes, OR",10
"41019","Douglas, OR",1
"41021","Gilliam, OR",0
"41023","Grant, OR",1
"41025","Harney, OR",0
"41027","Hood River, OR",0
"41029","Jackson, OR",2
"41031","Jefferson, OR",0
"41033","Josephine, OR",1
"41035","Klamath, OR",1
"41037","Lake, OR",0
"41039","Lane, OR",4
"41041","Lincoln, OR",0
"41043","Linn, OR",19
"41045","Malheur, OR",0
"41047","Marion, OR",22
"41049","Morrow, OR",0
"41051","Multnomah, OR",19
"41053","Polk, OR",1
"41055","Sherman, OR",0
"41057","Tillamook, OR",0
"41059","Umatilla, OR",2
"41061","Union, OR",1
"41063","Wallowa, OR",0
"41065","Wasco, OR",0
"41067","Washington, OR",55
"41069","Wheeler, OR",0
"41071","Yamhill, OR",6
"42001","Adams, PA",5
"42003","Allegheny, PA",40
"42005","Armstrong, PA",0
"42007","Beaver, PA",3
"42009","Bedford, PA",0
"42011","Berks, PA",13
"42013","Blair, PA",0
"42015","Bradford, PA",0
"42017","Bucks, PA",32
"42019","Butler, PA",1
"42021","Cambria, PA",0
"42023","Cameron, PA",0
"42025","Carbon, PA",0
"42027","Centre, PA",1
"42029","Chester, PA",23
"42031","Clarion, PA",0
"42033","Clearfield, PA",0
"42035","Clinton, PA",0
"42037","Columbia, PA",1
"42039","Crawford, PA",0
"42041","Cumberland, PA",11
"42043","Dauphin, PA",1
"42045","Delaware, PA",43
"42047","Elk, PA",0
"42049","Erie, PA",2
"42051","Fayette, PA",1
"42053","Forest, PA",0
"42055","Franklin, PA",1
"42057","Fulton, PA",0
"42059","Greene, PA",0
"42061","Huntingdon, PA",0
"42063","Indiana, PA",0
"42065","Jefferson, PA",0
"42067","Juniata, PA",0
"42069","Lackawanna, PA",6
"42071","Lancaster, PA",6
"42073","Lawrence, PA",0
"42075","Lebanon, PA",3
"42077","Lehigh, PA",19
"42079","Luzerne, PA",7
"42081","Lycoming, PA",0
"42083","Mckean, PA",0
"42085","Mercer, PA",1
"42087","Mifflin, PA",0
"42089","Monroe, PA",31
"42091","Montgomery, PA",87
"42093","Montour, PA",1
"42095","Northampton, PA",21
"42097","Northumberland, PA",0
"42099","Perry, PA",0
"42101","Philadelphia, PA",91
"42103","Pike, PA",3
"42105","Potter, PA",1
"42107","Schuylkill, PA",1
"42109","Snyder, PA",0
"42111","Somerset, PA",0
"42113","Sullivan, PA",0
"42115","Susquehanna, PA",0
"42117","Tioga, PA",0
"42119","Union, PA",0
"42121","Venango, PA",0
"42123","Warren, PA",0
"42125","Washington, PA",7
"42127","Wayne, PA",2
"42129","Westmoreland, PA",4
"42131","Wyoming, PA",0
"42133","York, PA",10
"44001","Bristol, RI",0
"44003","Kent, RI",0
"44005","Newport, RI",0
"44007","Providence, RI",4
"44009","Washington, RI",2
"45001","Abbeville, SC",1
"45003","Aiken, SC",1
"45005","Allendale, SC",0
"45007","Anderson, SC",10
"45009","Bamberg, SC",0
"45011","Barnwell, SC",0
"45013","Beaufort, SC",14
"45015","Berkeley, SC",2
"45017","Calhoun, SC",1
"45019","Charleston, SC",13
"45021","Cherokee, SC",0
"45023","Chester, SC",0
"45025","Chesterfield, SC",0
"45027","Clarendon, SC",1
"45029","Colleton, SC",1
"45031","Darlington, SC",5
"45033","Dillon, SC",1
"45035","Dorchester, SC",1
"45037","Edgefield, SC",1
"45039","Fairfield, SC",1
"45041","Florence, SC",1
"45043","Georgetown, SC",0
"45045","Greenville, SC",19
"45047","Greenwood, SC",3
"45049","Hampton, SC",0
"45051","Horry, SC",11
"45053","Jasper, SC",1
"45055","Kershaw, SC",44
"45057","Lancaster, SC",5
"45059","Laurens, SC",0
"45061","Lee, SC",1
"45063","Lexington, SC",12
"45065","Mccormick, SC",0
"45067","Marion, SC",0
"45069","Marlboro, SC",1
"45071","Newberry, SC",1
"45073","Oconee, SC",0
"45075","Orangeburg, SC",3
"45077","Pickens, SC",1
"45079","Richland, SC",29
"45081","Saluda, SC",1
"45083","Spartanburg, SC",2
"45085","Sumter, SC",3
"45087","Union, SC",0
"45089","Williamsburg, SC",0
"45091","York, SC",4
"46003","Aurora, SD",0
"46005","Beadle, SD",10
"46007","Bennett, SD",0
"46009","Bon Homme, SD",1
"46011","Brookings, SD",0
"46013","Brown, SD",1
"46015","Brule, SD",0
"46017","Buffalo, SD",0
"46019","Butte, SD",0
"46021","Campbell, SD",0
"46023","Charles Mix, SD",1
"46025","Clark, SD",0
"46027","Clay, SD",0
"46029","Codington, SD",0
"46031","Corson, SD",0
"46033","Custer, SD",0
"46035","Davison, SD",1
"46037","Day, SD",0
"46039","Deuel, SD",0
"46041","Dewey, SD",0
"46043","Douglas, SD",0
"46045","Edmunds, SD",0
"46047","Fall River, SD",0
"46049","Faulk, SD",0
"46051","Grant, SD",0
"46053","Gregory, SD",0
"46055","Haakon, SD",0
"46057","Hamlin, SD",0
"46059","Hand, SD",0
"46061","Hanson, SD",0
"46063","Harding, SD",0
"46065","Hughes, SD",0
"46067","Hutchinson, SD",0
"46069","Hyde, SD",0
"46071","Jackson, SD",0
"46073","Jerauld, SD",0
"46075","Jones, SD",0
"46077","Kingsbury, SD",0
"46079","Lake, SD",0
"46081","Lawrence, SD",0
"46083","Lincoln, SD",0
"46085","Lyman, SD",0
"46087","Mccook, SD",1
"46089","Mcpherson, SD",0
"46091","Marshall, SD",0
"46093","Meade, SD",0
"46095","Mellette, SD",0
"46097","Miner, SD",0
"46099","Minnehaha, SD",5
"46101","Moody, SD",0
"46103","Pennington, SD",1
"46105","Perkins, SD",0
"46107","Potter, SD",0
"46109","Roberts, SD",0
"46111","Sanborn, SD",0
"46113","Shannon, SD",0
"46115","Spink, SD",0
"46117","Stanley, SD",0
"46119","Sully, SD",0
"46121","Todd, SD",0
"46123","Tripp, SD",0
"46125","Turner, SD",0
"46127","Union, SD",0
"46129","Walworth, SD",0
"46135","Yankton, SD",0
"46137","Ziebach, SD",0
"47001","Anderson, TN",1
"47003","Bedford, TN",0
"47005","Benton, TN",0
"47007","Bledsoe, TN",0
"47009","Blount, TN",1
"47011","Bradley, TN",2
"47013","Campbell, TN",2
"47015","Cannon, TN",0
"47017","Carroll, TN",2
"47019","Carter, TN",0
"47021","Cheatham, TN",4
"47023","Chester, TN",1
"47025","Claiborne, TN",0
"47027","Clay, TN",0
"47029","Cocke, TN",1
"47031","Coffee, TN",0
"47033","Crockett, TN",0
"47035","Cumberland, TN",2
"47037","Davidson, TN",167
"47039","Decatur, TN",0
"47041","Dekalb, TN",0
"47043","Dickson, TN",4
"47045","Dyer, TN",2
"47047","Fayette, TN",3
"47049","Fentress, TN",0
"47051","Franklin, TN",1
"47053","Gibson, TN",1
"47055","Giles, TN",0
"47057","Grainger, TN",0
"47059","Greene, TN",2
"47061","Grundy, TN",0
"47063","Hamblen, TN",2
"47065","Hamilton, TN",8
"47067","Hancock, TN",0
"47069","Hardeman, TN",0
"47071","Hardin, TN",0
"47073","Hawkins, TN",0
"47075","Haywood, TN",0
"47077","Henderson, TN",0
"47079","Henry, TN",0
"47081","Hickman, TN",0
"47083","Houston, TN",1
"47085","Humphreys, TN",0
"47087","Jackson, TN",0
"47089","Jefferson, TN",2
"47091","Johnson, TN",0
"47093","Knox, TN",5
"47095","Lake, TN",0
"47097","Lauderdale, TN",0
"47099","Lawrence, TN",0
"47101","Lewis, TN",0
"47103","Lincoln, TN",0
"47105","Loudon, TN",1
"47107","Mcminn, TN",1
"47109","Mcnairy, TN",0
"47111","Macon, TN",0
"47113","Madison, TN",0
"47115","Marion, TN",1
"47117","Marshall, TN",0
"47119","Maury, TN",2
"47121","Meigs, TN",0
"47123","Monroe, TN",3
"47125","Montgomery, TN",3
"47127","Moore, TN",0
"47129","Morgan, TN",0
"47131","Obion, TN",0
"47133","Overton, TN",0
"47135","Perry, TN",1
"47137","Pickett, TN",0
"47139","Polk, TN",0
"47141","Putnam, TN",6
"47143","Rhea, TN",0
"47145","Roane, TN",1
"47147","Robertson, TN",3
"47149","Rutherford, TN",8
"47151","Scott, TN",2
"47153","Sequatchie, TN",0
"47155","Sevier, TN",1
"47157","Shelby, TN",66
"47159","Smith, TN",0
"47161","Stewart, TN",0
"47163","Sullivan, TN",1
"47165","Sumner, TN",22
"47167","Tipton, TN",5
"47169","Trousdale, TN",0
"47171","Unicoi, TN",0
"47173","Union, TN",0
"47175","Van Buren, TN",0
"47177","Warren, TN",0
"47179","Washington, TN",2
"47181","Wayne, TN",0
"47183","Weakley, TN",0
"47185","White, TN",0
"47187","Williamson, TN",48
"47189","Wilson, TN",2
"48001","Anderson, TX",0
"48003","Andrews, TX",0
"48005","Angelina, TX",0
"48007","Aransas, TX",0
"48009","Archer, TX",0
"48011","Armstrong, TX",0
"48013","Atascosa, TX",0
"48015","Austin, TX",0
"48017","Bailey, TX",0
"48019","Bandera, TX",0
"48021","Bastrop, TX",0
"48023","Baylor, TX",0
"48025","Bee, TX",0
"48027","Bell, TX",3
"48029","Bexar, TX",24
"48031","Blanco, TX",0
"48033","Borden, TX",0
"48035","Bosque, TX",0
"48037","Bowie, TX",1
"48039","Brazoria, TX",12
"48041","Brazos, TX",2
"48043","Brewster, TX",0
"48045","Briscoe, TX",0
"48047","Brooks, TX",0
"48049","Brown, TX",1
"48051","Burleson, TX",0
"48053","Burnet, TX",0
"48055","Caldwell, TX",0
"48057","Calhoun, TX",0
"48059","Callahan, TX",0
"48061","Cameron, TX",6
"48063","Camp, TX",0
"48065","Carson, TX",0
"48067","Cass, TX",0
"48069","Castro, TX",1
"48071","Chambers, TX",1
"48073","Cherokee, TX",0
"48075","Childress, TX",0
"48077","Clay, TX",0
"48079","Cochran, TX",0
"48081","Coke, TX",0
"48083","Coleman, TX",0
"48085","Collin, TX",21
"48087","Collingsworth, TX",0
"48089","Colorado, TX",0
"48091","Comal, TX",1
"48093","Comanche, TX",0
"48095","Concho, TX",0
"48097","Cooke, TX",0
"48099","Coryell, TX",0
"48101","Cottle, TX",0
"48103","Crane, TX",1
"48105","Crockett, TX",0
"48107","Crosby, TX",0
"48109","Culberson, TX",0
"48111","Dallam, TX",0
"48113","Dallas, TX",74
"48115","Dawson, TX",0
"48117","Deaf Smith, TX",1
"48119","Delta, TX",0
"48121","Denton, TX",12
"48123","Dewitt, TX",1
"48125","Dickens, TX",0
"48127","Dimmit, TX",0
"48129","Donley, TX",0
"48131","Duval, TX",0
"48133","Eastland, TX",0
"48135","Ector, TX",0
"48137","Edwards, TX",0
"48139","Ellis, TX",3
"48141","El Paso, TX",6
"48143","Erath, TX",0
"48145","Falls, TX",0
"48147","Fannin, TX",1
"48149","Fayette, TX",0
"48151","Fisher, TX",0
"48153","Floyd, TX",0
"48155","Foard, TX",0
"48157","Fort Bend, TX",11
"48159","Franklin, TX",0
"48161","Freestone, TX",0
"48163","Frio, TX",0
"48165","Gaines, TX",0
"48167","Galveston, TX",9
"48169","Garza, TX",0
"48171","Gillespie, TX",0
"48173","Glasscock, TX",0
"48175","Goliad, TX",0
"48177","Gonzales, TX",0
"48179","Gray, TX",0
"48181","Grayson, TX",0
"48183","Gregg, TX",1
"48185","Grimes, TX",0
"48187","Guadalupe, TX",0
"48189","Hale, TX",0
"48191","Hall, TX",0
"48193","Hamilton, TX",0
"48195","Hansford, TX",0
"48197","Hardeman, TX",0
"48199","Hardin, TX",0
"48201","Harris, TX",36
"48203","Harrison, TX",0
"48205","Hartley, TX",0
"48207","Haskell, TX",0
"48209","Hays, TX",6
"48211","Hemphill, TX",0
"48213","Henderson, TX",0
"48215","Hidalgo, TX",0
"48217","Hill, TX",0
"48219","Hockley, TX",2
"48221","Hood, TX",0
"48223","Hopkins, TX",0
"48225","Houston, TX",0
"48227","Howard, TX",0
"48229","Hudspeth, TX",0
"48231","Hunt, TX",0
"48233","Hutchinson, TX",0
"48235","Irion, TX",0
"48237","Jack, TX",0
"48239","Jackson, TX",0
"48241","Jasper, TX",0
"48243","Jeff Davis, TX",0
"48245","Jefferson, TX",0
"48247","Jim Hogg, TX",0
"48249","Jim Wells, TX",0
"48251","Johnson, TX",2
"48253","Jones, TX",0
"48255","Karnes, TX",0
"48257","Kaufman, TX",0
"48259","Kendall, TX",0
"48261","Kenedy, TX",0
"48263","Kent, TX",0
"48265","Kerr, TX",0
"48267","Kimble, TX",0
"48269","King, TX",0
"48271","Kinney, TX",0
"48273","Kleberg, TX",0
"48275","Knox, TX",0
"48277","Lamar, TX",0
"48279","Lamb, TX",0
"48281","Lampasas, TX",0
"48283","La Salle, TX",0
"48285","Lavaca, TX",1
"48287","Lee, TX",0
"48289","Leon, TX",0
"48291","Liberty, TX",0
"48293","Limestone, TX",0
"48295","Lipscomb, TX",0
"48297","Live Oak, TX",0
"48299","Llano, TX",0
"48301","Loving, TX",0
"48303","Lubbock, TX",2
"48305","Lynn, TX",0
"48307","Mcculloch, TX",0
"48309","Mclennan, TX",7
"48311","Mcmullen, TX",0
"48313","Madison, TX",0
"48315","Marion, TX",0
"48317","Martin, TX",0
"48319","Mason, TX",0
"48321","Matagorda, TX",3
"48323","Maverick, TX",0
"48325","Medina, TX",1
"48327","Menard, TX",0
"48329","Midland, TX",1
"48331","Milam, TX",0
"48333","Mills, TX",0
"48335","Mitchell, TX",0
"48337","Montague, TX",0
"48339","Montgomery, TX",4
"48341","Moore, TX",0
"48343","Morris, TX",0
"48345","Motley, TX",0
"48347","Nacogdoches, TX",0
"48349","Navarro, TX",0
"48351","Newton, TX",0
"48353","Nolan, TX",0
"48355","Nueces, TX",1
"48357","Ochiltree, TX",0
"48359","Oldham, TX",1
"48361","Orange, TX",0
"48363","Palo Pinto, TX",0
"48365","Panola, TX",0
"48367","Parker, TX",0
"48369","Parmer, TX",0
"48371","Pecos, TX",0
"48373","Polk, TX",0
"48375","Potter, TX",2
"48377","Presidio, TX",0
"48379","Rains, TX",0
"48381","Randall, TX",0
"48383","Reagan, TX",0
"48385","Real, TX",0
"48387","Red River, TX",0
"48389","Reeves, TX",0
"48391","Refugio, TX",0
"48393","Roberts, TX",0
"48395","Robertson, TX",0
"48397","Rockwall, TX",0
"48399","Runnels, TX",0
"48401","Rusk, TX",1
"48403","Sabine, TX",0
"48405","San Augustine, TX",0
"48407","San Jacinto, TX",0
"48409","San Patricio, TX",0
"48411","San Saba, TX",0
"48413","Schleicher, TX",0
"48415","Scurry, TX",0
"48417","Shackelford, TX",0
"48419","Shelby, TX",0
"48421","Sherman, TX",0
"48423","Smith, TX",5
"48425","Somervell, TX",0
"48427","Starr, TX",0
"48429","Stephens, TX",0
"48431","Sterling, TX",0
"48433","Stonewall, TX",0
"48435","Sutton, TX",0
"48437","Swisher, TX",0
"48439","Tarrant, TX",19
"48441","Taylor, TX",0
"48443","Terrell, TX",0
"48445","Terry, TX",0
"48447","Throckmorton, TX",0
"48449","Titus, TX",0
"48451","Tom Green, TX",0
"48453","Travis, TX",41
"48455","Trinity, TX",0
"48457","Tyler, TX",0
"48459","Upshur, TX",0
"48461","Upton, TX",0
"48463","Uvalde, TX",0
"48465","Val Verde, TX",0
"48467","Van Zandt, TX",0
"48469","Victoria, TX",0
"48471","Walker, TX",0
"48473","Waller, TX",0
"48475","Ward, TX",0
"48477","Washington, TX",0
"48479","Webb, TX",4
"48481","Wharton, TX",0
"48483","Wheeler, TX",0
"48485","Wichita, TX",3
"48487","Wilbarger, TX",0
"48489","Willacy, TX",0
"48491","Williamson, TX",9
"48493","Wilson, TX",0
"48495","Winkler, TX",0
"48497","Wise, TX",0
"48499","Wood, TX",0
"48501","Yoakum, TX",0
"48503","Young, TX",0
"48505","Zapata, TX",0
"48507","Zavala, TX",0
"49001","Beaver, UT",0
"49003","Box Elder, UT",1
"49005","Cache, UT",2
"49007","Carbon, UT",0
"49009","Daggett, UT",0
"49011","Davis, UT",19
"49013","Duchesne, UT",0
"49015","Emery, UT",0
"49017","Garfield, UT",0
"49019","Grand, UT",0
"49021","Iron, UT",0
"49023","Juab, UT",0
"49025","Kane, UT",0
"49027","Millard, UT",0
"49029","Morgan, UT",0
"49031","Piute, UT",0
"49033","Rich, UT",0
"49035","Salt Lake, UT",84
"49037","San Juan, UT",0
"49039","Sanpete, UT",0
"49041","Sevier, UT",0
"49043","Summit, UT",50
"49045","Tooele, UT",3
"49047","Uintah, UT",0
"49049","Utah, UT",7
"49051","Wasatch, UT",8
"49053","Washington, UT",1
"49055","Wayne, UT",0
"49057","Weber, UT",4
"50001","Addison, VT",3
"50003","Bennington, VT",4
"50005","Caledonia, VT",0
"50007","Chittenden, VT",22
"50009","Essex, VT",0
"50011","Franklin, VT",2
"50013","Grand Isle, VT",0
"50015","Lamoille, VT",0
"50017","Orange, VT",4
"50019","Orleans, VT",0
"50021","Rutland, VT",3
"50023","Washington, VT",2
"50025","Windham, VT",5
"50027","Windsor, VT",8
"51001","Accomack, VA",1
"51003","Albemarle, VA",3
"51005","Alleghany, VA",0
"51007","Amelia, VA",0
"51009","Amherst, VA",1
"51011","Appomattox, VA",0
"51013","Arlington, VA",26
"51015","Augusta, VA",0
"51017","Bath, VA",0
"51019","Bedford, VA",1
"51021","Bland, VA",0
"51023","Botetourt, VA",3
"51025","Brunswick, VA",0
"51027","Buchanan, VA",0
"51029","Buckingham, VA",0
"51031","Campbell, VA",0
"51033","Caroline, VA",0
"51035","Carroll, VA",0
"51036","Charles City, VA",3
"51037","Charlotte, VA",0
"51041","Chesterfield, VA",8
"51043","Clarke, VA",0
"51045","Craig, VA",0
"51047","Culpeper, VA",2
"51049","Cumberland, VA",0
"51051","Dickenson, VA",0
"51053","Dinwiddie, VA",0
"51057","Essex, VA",0
"51059","Fairfax, VA",31
"51061","Fauquier, VA",0
"51063","Floyd, VA",0
"51065","Fluvanna, VA",1
"51067","Franklin, VA",1
"51069","Frederick, VA",0
"51071","Giles, VA",0
"51073","Gloucester, VA",2
"51075","Goochland, VA",3
"51077","Grayson, VA",0
"51079","Greene, VA",0
"51081","Greensville, VA",0
"51083","Halifax, VA",0
"51085","Hanover, VA",1
"51087","Henrico, VA",8
"51089","Henry, VA",0
"51091","Highland, VA",0
"51093","Isle Of Wight, VA",3
"51095","James City, VA",32
"51097","King And Queen, VA",0
"51099","King George, VA",0
"51101","King William, VA",0
"51103","Lancaster, VA",0
"51105","Lee, VA",2
"51107","Loudoun, VA",15
"51109","Louisa, VA",1
"51111","Lunenburg, VA",0
"51113","Madison, VA",0
"51115","Mathews, VA",0
"51117","Mecklenburg, VA",3
"51119","Middlesex, VA",0
"51121","Montgomery, VA",0
"51125","Nelson, VA",0
"51127","New Kent, VA",0
"51131","Northampton, VA",0
"51133","Northumberland, VA",0
"51135","Nottoway, VA",0
"51137","Orange, VA",0
"51139","Page, VA",0
"51141","Patrick, VA",0
"51143","Pittsylvania, VA",0
"51145","Powhatan, VA",0
"51147","Prince Edward, VA",1
"51149","Prince George, VA",0
"51153","Prince William, VA",18
"51155","Pulaski, VA",0
"51157","Rappahannock, VA",0
"51159","Richmond, VA",0
"51161","Roanoke, VA",0
"51163","Rockbridge, VA",0
"51165","Rockingham, VA",2
"51167","Russell, VA",0
"51169","Scott, VA",0
"51171","Shenandoah, VA",0
"51173","Smyth, VA",0
"51175","Southampton, VA",0
"51177","Spotsylvania, VA",2
"51179","Stafford, VA",5
"51181","Surry, VA",0
"51183","Sussex, VA",0
"51185","Tazewell, VA",0
"51187","Warren, VA",0
"51191","Washington, VA",0
"51193","Westmoreland, VA",0
"51195","Wise, VA",0
"51197","Wythe, VA",0
"51199","York, VA",5
"51510","Alexandria City, VA",5
"51515","Bedford City, VA",0
"51520","Bristol City, VA",0
"51530","Buena Vista City, VA",0
"51540","Charlottesville City, VA",4
"51550","Chesapeake City, VA",0
"51570","Colonial Heights City, VA",0
"51580","Covington City, VA",0
"51590","Danville City, VA",0
"51595","Emporia City, VA",0
"51600","Fairfax City, VA",0
"51610","Falls Church City, VA",0
"51620","Franklin City, VA",0
"51630","Fredericksburg City, VA",1
"51640","Galax City, VA",0
"51650","Hampton City, VA",0
"51660","Harrisonburg City, VA",1
"51670","Hopewell City, VA",0
"51678","Lexington City, VA",0
"51680","Lynchburg City, VA",0
"51683","Manassas City, VA",0
"51685","Manassas Park City, VA",0
"51690","Martinsville City, VA",0
"51700","Newport News City, VA",2
"51710","Norfolk City, VA",3
"51720","Norton City, VA",0
"51730","Petersburg City, VA",0
"51735","Poquoson City, VA",0
"51740","Portsmouth City, VA",1
"51750","Radford City, VA",0
"51760","Richmond City, VA",6
"51770","Roanoke City, VA",0
"51775","Salem City, VA",0
"51790","Staunton City, VA",0
"51800","Suffolk City, VA",3
"51810","Virginia Beach City, VA",17
"51820","Waynesboro City, VA",0
"51830","Williamsburg City, VA",5
"51840","Winchester City, VA",0
"53001","Adams, WA",0
"53003","Asotin, WA",0
"53005","Benton, WA",7
"53007","Chelan, WA",3
"53009","Clallam, WA",4
"53011","Clark, WA",10
"53013","Columbia, WA",1
"53015","Cowlitz, WA",3
"53017","Douglas, WA",0
"53019","Ferry, WA",0
"53021","Franklin, WA",3
"53023","Garfield, WA",0
"53025","Grant, WA",18
"53027","Grays Harbor, WA",1
"53029","Island, WA",21
"53031","Jefferson, WA",6
"53033","King, WA",1040
"53035","Kitsap, WA",18
"53037","Kittitas, WA",4
"53039","Klickitat, WA",4
"53041","Lewis, WA",2
"53043","Lincoln, WA",1
"53045","Mason, WA",1
"53047","Okanogan, WA",0
"53049","Pacific, WA",0
"53051","Pend Oreille, WA",0
"53053","Pierce, WA",107
"53055","San Juan, WA",1
"53057","Skagit, WA",33
"53059","Skamania, WA",0
"53061","Snohomish, WA",480
"53063","Spokane, WA",20
"53065","Stevens, WA",1
"53067","Thurston, WA",11
"53069","Wahkiakum, WA",0
"53071","Walla Walla, WA",1
"53073","Whatcom, WA",14
"53075","Whitman, WA",0
"53077","Yakima, WA",16
"54001","Barbour, WV",0
"54003","Berkeley, WV",0
"54005","Boone, WV",0
"54007","Braxton, WV",0
"54009","Brooke, WV",0
"54011","Cabell, WV",0
"54013","Calhoun, WV",0
"54015","Clay, WV",0
"54017","Doddridge, WV",0
"54019","Fayette, WV",0
"54021","Gilmer, WV",0
"54023","Grant, WV",0
"54025","Greenbrier, WV",0
"54027","Hampshire, WV",0
"54029","Hancock, WV",0
"54031","Hardy, WV",0
"54033","Harrison, WV",0
"54035","Jackson, WV",1
"54037","Jefferson, WV",3
"54039","Kanawha, WV",3
"54041","Lewis, WV",0
"54043","Lincoln, WV",0
"54045","Logan, WV",0
"54047","Mcdowell, WV",0
"54049","Marion, WV",0
"54051","Marshall, WV",2
"54053","Mason, WV",0
"54055","Mercer, WV",2
"54057","Mineral, WV",0
"54059","Mingo, WV",0
"54061","Monongalia, WV",2
"54063","Monroe, WV",0
"54065","Morgan, WV",0
"54067","Nicholas, WV",0
"54069","Ohio, WV",0
"54071","Pendleton, WV",0
"54073","Pleasants, WV",0
"54075","Pocahontas, WV",0
"54077","Preston, WV",0
"54079","Putnam, WV",1
"54081","Raleigh, WV",0
"54083","Randolph, WV",0
"54085","Ritchie, WV",0
"54087","Roane, WV",0
"54089","Summers, WV",0
"54091","Taylor, WV",0
"54093","Tucker, WV",2
"54095","Tyler, WV",0
"54097","Upshur, WV",0
"54099","Wayne, WV",0
"54101","Webster, WV",0
"54103","Wetzel, WV",0
"54105","Wirt, WV",0
"54107","Wood, WV",0
"54109","Wyoming, WV",0
"55001","Adams, WI",0
"55003","Ashland, WI",0
"55005","Barron, WI",0
"55007","Bayfield, WI",1
"55009","Brown, WI",3
"55011","Buffalo, WI",0
"55013","Burnett, WI",0
"55015","Calumet, WI",1
"55017","Chippewa, WI",1
"55019","Clark, WI",0
"55021","Columbia, WI",5
"55023","Crawford, WI",0
"55025","Dane, WI",61
"55027","Dodge, WI",0
"55029","Door, WI",0
"55031","Douglas, WI",1
"55033","Dunn, WI",1
"55035","Eau Claire, WI",4
"55037","Florence, WI",0
"55039","Fond Du Lac, WI",16
"55041","Forest, WI",0
"55043","Grant, WI",0
"55045","Green, WI",1
"55047","Green Lake, WI",0
"55049","Iowa, WI",0
"55051","Iron, WI",0
"55053","Jackson, WI",0
"55055","Jefferson, WI",2
"55057","Juneau, WI",0
"55059","Kenosha, WI",10
"55061","Kewaunee, WI",0
"55063","La Crosse, WI",5
"55065","Lafayette, WI",0
"55067","Langlade, WI",0
"55069","Lincoln, WI",0
"55071","Manitowoc, WI",0
"55073","Marathon, WI",1
"55075","Marinette, WI",0
"55077","Marquette, WI",0
"55078","Menominee, WI",0
"55079","Milwaukee, WI",182
"55081","Monroe, WI",0
"55083","Oconto, WI",0
"55085","Oneida, WI",0
"55087","Outagamie, WI",2
"55089","Ozaukee, WI",13
"55091","Pepin, WI",0
"55093","Pierce, WI",1
"55095","Polk, WI",0
"55097","Portage, WI",0
"55099","Price, WI",0
"55101","Racine, WI",4
"55103","Richland, WI",0
"55105","Rock, WI",3
"55107","Rusk, WI",0
"55109","St. Croix, WI",2
"55111","Sauk, WI",2
"55113","Sawyer, WI",0
"55115","Shawano, WI",0
"55117","Sheboygan, WI",6
"55119","Taylor, WI",0
"55121","Trempealeau, WI",0
"55123","Vernon, WI",0
"55125","Vilas, WI",0
"55127","Walworth, WI",3
"55129","Washburn, WI",0
"55131","Washington, WI",14
"55133","Waukesha, WI",30
"55135","Waupaca, WI",0
"55137","Waushara, WI",0
"55139","Winnebago, WI",5
"55141","Wood, WI",1
"56001","Albany, WY",0
"56003","Big Horn, WY",0
"56005","Campbell, WY",1
"56007","Carbon, WY",1
"56009","Converse, WY",0
"56011","Crook, WY",0
"56013","Fremont, WY",10
"56015","Goshen, WY",0
"56017","Hot Springs, WY",0
"56019","Johnson, WY",0
"56021","Laramie, WY",6
"56023","Lincoln, WY",0
"56025","Natrona, WY",1
"56027","Niobrara, WY",0
"56029","Park, WY",1
"56031","Platte, WY",0
"56033","Sheridan, WY",4
"56035","Sublette, WY",0
"56037","Sweetwater, WY",0
"56039","Teton, WY",2
"56041","Uinta, WY",0
"56043","Washakie, WY",0
"56045","Weston, WY",0
"01000","Alabama",157
"02000","Alaska",22
"04000","Arizona",152
"05000","Arkansas",165
"06000","California",1825
"08000","Colorado",591
"09000","Connecticut",327
"10000","Delaware",56
"11000",NA,116
"12000","Florida",1007
"13000","Georgia",620
"15000","Hawaii",56
"16000","Idaho",47
"17000","Illinois",1050
"18000","Indiana",201
"19000","Iowa",90
"20000","Kansas",64
"21000","Kentucky",99
"22000","Louisiana",834
"23000","Maine",89
"24000","Maryland",244
"25000","Massachusetts",646
"26000","Michigan",1035
"27000","Minnesota",169
"28000","Mississippi",207
"29000","Missouri",106
"30000","Montana",34
"31000","Nebraska",51
"32000","Nevada",190
"33000","New Hampshire",78
"34000","New Jersey",1914
"35000","New Mexico",65
"36000","New York",15223
"37000","North Carolina",255
"38000","North Dakota",30
"39000","Ohio",351
"40000","Oklahoma",67
"41000","Oregon",161
"42000","Pennsylvania",479
"44000","Rhode Island",83
"45000","South Carolina",195
"46000","South Dakota",21
"47000","Tennessee",505
"48000","Texas",344
"49000","Utah",181
"50000","Vermont",52
"51000","Virginia",219
"53000","Washington",1996
"54000","West Virginia",16
"55000","Wisconsin",381
"56000","Wyoming",26
